entity_id,type,debit,credit,amount,currency,fee,tax,on_hold,settled,created_at,settled_at,settlement_id,posted_at,credit_type,description,notes,payment_id,settlement_utr,order_id,order_receipt,method,card_network,card_issuer,card_type,dispute_id
pay_PK5ACDiBZLPKD6,payment,0,27830,28000,INR,144,26,False,True,1785546660,1785719460,setl_0jLvgLaELO1oWZ,,default,Payment via CARD,,,6043058v0nk4r,order_xGAnjq8MJaMhmp,RCPT-IN-100042,card,Discover,IDFB,credit,
pay_oiQjWoKkoUWTGC,payment,0,327900,327900,INR,0,0,False,True,1785549120,1785721920,setl_0jLvgLaELO1oWZ,,default,Payment via UPI,,,6043058v0nk4r,order_vLsWa5BztdxGVG,RCPT-IN-100148,upi,,,,
pay_sPALOLQ5tyPBBH,payment,0,298400,298400,INR,0,0,False,True,1785550860,1785723660,setl_0jLvgLaELO1oWZ,,default,Payment via UPI,,,6043058v0nk4r,order_F7FMJeVEhWUSav,RCPT-IN-100171,upi,,,,
pay_1GlYlUA9YoQan9,payment,0,17156,17400,INR,207,37,False,True,1785550980,1785723780,setl_0jLvgLaELO1oWZ,,default,Payment via UPI,,,6043058v0nk4r,order_EfihYGfGZqGfub,RCPT-IN-100238,upi,,,,
pay_6UM4YVmPY62o6s,payment,0,88184,89600,INR,1200,216,False,True,1785552360,1785725160,setl_0jLvgLaELO1oWZ,,default,Payment via NETBANKING,,,6043058v0nk4r,order_q1iee1hsA2Bb9u,RCPT-IN-100044,netbanking,,,,
pay_PjHR9aJ6IhIlU4,payment,0,24550,24700,INR,127,23,False,True,1785553680,1785726480,setl_0jLvgLaELO1oWZ,,default,Payment via CARD,,,6043058v0nk4r,order_wDKObKFl0cyaQ4,RCPT-IN-100166,card,American Express,UTIB,credit,
pay_pfZnrzVLD3ayCF,payment,0,231000,231000,INR,0,0,False,True,1785556200,1785729000,setl_0jLvgLaELO1oWZ,,default,Payment via UPI,,,6043058v0nk4r,order_onVxfmZQ8d3AB7,RCPT-IN-100109,upi,,,,
pay_HOdsNoVDSRZ7nS,payment,0,28310,29068,INR,731,27,False,True,1785556860,1785729660,setl_0jLvgLaELO1oWZ,,default,Payment (EUR) via CARD,,,6043058v0nk4r,order_eSEkCXl8KZIXOY,RCPT-IN-100358,card,American Express,INDB,debit,
pay_YN687NElFJvhQ8,payment,0,5000,5000,INR,0,0,False,True,1785560340,1785733140,setl_0jLvgLaELO1oWZ,,default,Payment via UPI,,,6043058v0nk4r,order_XIm0ogR4HtXOf5,RCPT-IN-100018,upi,,,,
rfnd_rcZTuJaWYUH1VA,refund,5000,0,5000,INR,0,0,False,True,1785560340,1785733140,setl_0jLvgLaELO1oWZ,,default,Refund via UPI,,rfnd_rcZTuJaWYUH1VA,6043058v0nk4r,order_XIm0ogR4HtXOf5,RCPT-IN-100018,upi,,,,
pay_lAqBMLfxjkR3p5,payment,0,89038,91423,INR,2300,85,False,True,1785561300,1785734100,setl_0jLvgLaELO1oWZ,,default,Payment (GBP) via CARD,,,6043058v0nk4r,order_igJkMamHJKhwgG,RCPT-IN-100085,card,Visa,ICIC,credit,
pay_g28vfrNn5NM1eM,payment,0,170200,170200,INR,0,0,False,True,1785564000,1785736800,setl_0jLvgLaELO1oWZ,,default,Payment via UPI,,,6043058v0nk4r,order_TydRO9wUCaLVaq,RCPT-IN-100165,upi,,,,
pay_Antz8GBx9Yh1av,payment,0,155944,156900,INR,810,146,False,True,1785556200,1785743400,setl_IAjjK7gqeNOuNn,,default,Payment via CARD,,,860655555711,order_cW16B6ovnscJlC,RCPT-IN-100285,card,American Express,INDB,debit,
pay_cu81PXzaSX6VJa,payment,0,122152,122900,INR,634,114,False,True,1785573240,1785746040,setl_0jLvgLaELO1oWZ,,default,Payment via CARD,,,6043058v0nk4r,order_N2qDLFyyjgpjT8,RCPT-IN-100364,card,Discover,IDFB,debit,
pay_XatqMkYuqaV9e9,payment,0,36584,38000,INR,1200,216,False,True,1785576060,1785748860,setl_0jLvgLaELO1oWZ,,default,Payment via NETBANKING,,,6043058v0nk4r,order_l7nKU5YMR5Nyqy,RCPT-IN-100192,netbanking,,,,
pay_Vz8KjjZpLSHI55,payment,0,37470,37700,INR,195,35,False,True,1785580740,1785753540,setl_0jLvgLaELO1oWZ,,default,Payment via CARD,,,6043058v0nk4r,order_zBnUzecfRXh5BW,RCPT-IN-100188,card,MasterCard,YESB,debit,
pay_S0acQlPU19DkvG,payment,0,49000,49000,INR,0,0,False,True,1785746520,1785760920,setl_IAjjK7gqeNOuNn,,default,Payment via UPI,,,860655555711,order_i8qaTmD3HGbEks,RCPT-IN-100229,upi,,,,
pay_htqJKe1zKAUu2u,payment,0,37800,37800,INR,0,0,False,True,1785589380,1785762180,setl_0jLvgLaELO1oWZ,,default,Payment via UPI,,,6043058v0nk4r,order_oX68jCz9IMECsw,RCPT-IN-100326,upi,,,,
rfnd_NWUFgeIWcvHfx9,refund,37800,0,37800,INR,0,0,False,True,1785589380,1785762180,setl_0jLvgLaELO1oWZ,,default,Refund via UPI,,rfnd_NWUFgeIWcvHfx9,6043058v0nk4r,order_oX68jCz9IMECsw,RCPT-IN-100326,upi,,,,
pay_jVxYxdHFO2Ek0A,payment,0,81798,82300,INR,425,77,False,True,1785581040,1785768240,setl_IAjjK7gqeNOuNn,,default,Payment via CARD,,,860655555711,order_GfF2wNkdD0rMtV,RCPT-IN-100123,card,American Express,IDFB,credit,
pay_jNJJoczBbImsQm,payment,0,58244,58600,INR,302,54,False,True,1785596520,1785769320,setl_0jLvgLaELO1oWZ,,default,Payment via CARD,,,6043058v0nk4r,order_ROaNgodDFxAzV5,RCPT-IN-100184,card,MasterCard,UTIB,debit,
pay_v6dFvpcLOGQOpC,payment,0,36775,37000,INR,191,34,False,True,1785683760,1785784560,setl_tZQZeeNJBG3UXw,,default,Payment via CARD,,,572165172167,order_HV5v7s82QtDRoj,RCPT-IN-100043,card,Discover,KKBK,debit,
pay_GhWiOalTlINXn1,payment,0,88600,88600,INR,0,0,False,True,1785630780,1785803580,setl_t9y6UbG7OhWfMi,,default,Payment via UPI,,,131307785kvsb,order_eKIA7zPtJcGEoJ,RCPT-IN-100041,upi,,,,
pay_nGQHhAbP8CSHTW,payment,0,50292,50600,INR,261,47,False,True,1785633900,1785806700,setl_t9y6UbG7OhWfMi,,default,Payment via CARD,,,131307785kvsb,order_pKHDm996g5RFdl,RCPT-IN-100078,card,Visa,ICIC,credit,
pay_XcORLdLK0wd8t5,payment,0,112600,112600,INR,0,0,False,True,1785636060,1785808860,setl_t9y6UbG7OhWfMi,,default,Payment via UPI,,,131307785kvsb,order_WwzImtpzZwjEMT,RCPT-IN-100250,upi,,,,
pay_88MhWG2kdiNteg,payment,0,25400,25400,INR,0,0,False,True,1785647040,1785819840,setl_t9y6UbG7OhWfMi,,default,Payment via UPI,,,131307785kvsb,order_Boy1XhVav8dNrL,RCPT-IN-100053,upi,,,,
pay_byeOvtEfybatRu,payment,0,100900,100900,INR,0,0,False,True,1785647880,1785820680,setl_t9y6UbG7OhWfMi,,default,Payment via UPI,,,131307785kvsb,order_TbzvQtq3fs8Ccf,RCPT-IN-100294,upi,,,,
pay_VRmgMGGWSEigH9,payment,0,26784,28200,INR,1200,216,False,True,1785648660,1785821460,setl_t9y6UbG7OhWfMi,,default,Payment via NETBANKING,,,131307785kvsb,order_dwPX9R273Du2m2,RCPT-IN-100311,netbanking,,,,
pay_mobLDl1UleAtJB,payment,0,635800,635800,INR,0,0,False,True,1785651180,1785823980,setl_t9y6UbG7OhWfMi,,default,Payment via UPI,,,131307785kvsb,order_3gQUimf03d6oFS,RCPT-IN-100303,upi,,,,
pay_y31jd8Veydyv31,payment,0,91142,91700,INR,473,85,False,True,1785652020,1785824820,setl_t9y6UbG7OhWfMi,,default,Payment via CARD,,,131307785kvsb,order_NuVXPEGHU4B5yB,RCPT-IN-100180,card,Visa,ICIC,credit,
pay_Sw9L3IaEhY2Tzq,payment,0,77723,78200,INR,404,73,False,True,1785655680,1785828480,setl_t9y6UbG7OhWfMi,,default,Payment via CARD,,,131307785kvsb,order_ptglHcPfqhlrzX,RCPT-IN-100167,card,Visa,UTIB,debit,
pay_3TinJ5gRQ6lrRc,payment,0,4200,4200,INR,0,0,False,True,1785656220,1785829020,setl_t9y6UbG7OhWfMi,,default,Payment via UPI,,,131307785kvsb,order_yuJSQscN6mKlMc,RCPT-IN-100265,upi,,,,
pay_OHVZPp2bPVlPYo,payment,0,394100,394100,INR,0,0,False,True,1785814980,1785829380,setl_tZQZeeNJBG3UXw,,default,Payment via UPI,,,572165172167,order_ChyjzTRextedAD,RCPT-IN-100212,upi,,,,
pay_j9BxZHPigW7QtB,payment,0,62200,62200,INR,0,0,False,True,1785663660,1785836460,setl_t9y6UbG7OhWfMi,,default,Payment via UPI,,,131307785kvsb,order_mdQtbThjYDkZF0,RCPT-IN-100345,upi,,,,
pay_RoG258lEWMcnYB,payment,0,95615,96200,INR,496,89,False,True,1785666600,1785839400,setl_t9y6UbG7OhWfMi,,default,Payment via CARD,,,131307785kvsb,order_DO4Zlw9CcDnPPO,RCPT-IN-100086,card,Visa,SBIN,debit,
pay_qTM5cjO1mHHqhA,payment,0,142184,143600,INR,1200,216,False,True,1785667620,1785840420,setl_t9y6UbG7OhWfMi,,default,Payment via NETBANKING,,,131307785kvsb,order_pmFzjcTjv5nL6x,RCPT-IN-100325,netbanking,,,,
rfnd_zJEhaCSdw3gj5v,refund,71800,0,71800,INR,0,0,False,True,1785667620,1785840420,setl_t9y6UbG7OhWfMi,,default,Refund via NETBANKING,,rfnd_zJEhaCSdw3gj5v,131307785kvsb,order_pmFzjcTjv5nL6x,RCPT-IN-100325,netbanking,,,,
pay_zSv2gENfMTx0MO,payment,0,61921,62300,INR,321,58,False,True,1785671460,1785844260,setl_t9y6UbG7OhWfMi,,default,Payment via CARD,,,131307785kvsb,order_dOQw4SG8nfnL5O,RCPT-IN-100025,card,Visa,HDFC,credit,
pay_ZqkZgZMY8J9gxV,payment,0,33370,34800,INR,1398,32,False,True,1785681720,1785854520,setl_t9y6UbG7OhWfMi,,default,Payment (AED) via CARD,,,131307785kvsb,order_jdC1FPrvEtj8L1,RCPT-IN-100232,card,American Express,INDB,debit,
pay_oYF5tns05Koy2O,payment,0,92600,92600,INR,0,0,False,True,1785682800,1785855600,setl_t9y6UbG7OhWfMi,,default,Payment via UPI,,,131307785kvsb,order_nZn2M1eLkNCZ8h,RCPT-IN-100035,upi,,,,
pay_dKGLMmWr8MXH2b,payment,0,224649,231700,INR,7051,0,False,True,1785717600,1785890400,setl_IEaz4s0R0a67OM,,default,Payment via UPI,,,8554746j20rbr,order_UZaQcOeBrt5LKL,RCPT-IN-100190,upi,,,,
pay_VVgfJMm7jzDwJ1,payment,0,101600,101600,INR,0,0,False,True,1785722940,1785895740,setl_IEaz4s0R0a67OM,,default,Payment via UPI,,,8554746j20rbr,order_sbYStBOTzEzeGE,RCPT-IN-100172,upi,,,,
pay_cLOIadn5rPvi2x,payment,0,144600,144600,INR,0,0,False,True,1785733740,1785906540,setl_IEaz4s0R0a67OM,,default,Payment via UPI,,,8554746j20rbr,order_qwHx1SSRkRXQvQ,RCPT-IN-100030,upi,,,,
pay_zzDweaNLHcPav2,payment,0,69574,70000,INR,361,65,False,True,1785733980,1785906780,setl_IEaz4s0R0a67OM,,default,Payment via CARD,,,8554746j20rbr,order_klIGSIEu79wzeB,RCPT-IN-100351,card,MasterCard,INDB,credit,
pay_xToZ69FTxDA9oU,payment,0,16499,16600,INR,86,15,False,True,1785734100,1785906900,setl_IEaz4s0R0a67OM,,default,Payment via CARD,,,8554746j20rbr,order_i5ESauqF30E5gl,RCPT-IN-100343,card,Discover,YESB,credit,
pay_3bovJnlpExOvyz,payment,0,65499,65900,INR,340,61,False,True,1785893160,1785907560,setl_qzKwib7dDNmIUs,,default,Payment via CARD,,,718601551830,order_vKLPPEC2juFNM2,RCPT-IN-100339,card,American Express,ICIC,debit,
pay_NAdowIcRgDcljm,payment,0,20375,20500,INR,106,19,False,True,1785735060,1785907860,setl_IEaz4s0R0a67OM,,default,Payment via CARD,,,8554746j20rbr,order_zCCi0dHeOSo7V9,RCPT-IN-100145,card,American Express,UTIB,credit,
pay_mtnWNCXVJCNQCm,payment,0,35167,37000,INR,1553,280,False,True,1785736920,1785909720,setl_IEaz4s0R0a67OM,,default,Payment via NETBANKING,,,8554746j20rbr,order_up6N0A0UarXLnT,RCPT-IN-100032,netbanking,,,,
pay_Wts1ZpJd31kjAC,payment,0,330100,330100,INR,0,0,False,True,1785738960,1785911760,setl_IEaz4s0R0a67OM,,default,Payment via UPI,,,8554746j20rbr,order_2yueWgot6rZ8bn,RCPT-IN-100187,upi,,,,
pay_vCCGjuIgvwMYRs,payment,0,84582,85100,INR,439,79,False,True,1785740940,1785913740,setl_IEaz4s0R0a67OM,,default,Payment via CARD,,,8554746j20rbr,order_Nz2stHJIuxCldu,RCPT-IN-100340,card,American Express,HDFC,credit,
pay_ag9FaO2IxDlaPV,payment,0,92100,92100,INR,0,0,False,True,1785742260,1785915060,setl_IEaz4s0R0a67OM,,default,Payment via UPI,,,8554746j20rbr,order_TofaZDp4gAUCmy,RCPT-IN-100237,upi,,,,
pay_JLTbU76Gtgb7Kl,payment,0,40784,42200,INR,1200,216,False,True,1785748740,1785921540,setl_IEaz4s0R0a67OM,,default,Payment via NETBANKING,,,8554746j20rbr,order_CfH2vpvK0oyDSg,RCPT-IN-100203,netbanking,,,,
pay_IFP6eFAjCHcqIR,payment,0,108634,109300,INR,564,102,False,True,1785750300,1785923100,setl_IEaz4s0R0a67OM,,default,Payment via CARD,,,8554746j20rbr,order_4vIWvvy2UwikDn,RCPT-IN-100332,card,MasterCard,KKBK,debit,
pay_wUufJSunpJC01t,payment,0,137259,138100,INR,713,128,False,True,1785751380,1785924180,setl_IEaz4s0R0a67OM,,default,Payment via CARD,,,8554746j20rbr,order_5gobuszgI6hwgk,RCPT-IN-100015,card,Discover,HDFC,credit,
pay_Xv1VzwvrA0QHPX,payment,0,176200,176200,INR,0,0,False,True,1785752700,1785925500,setl_IEaz4s0R0a67OM,,default,Payment via UPI,,,8554746j20rbr,order_gvh8WufC0mWGWj,RCPT-IN-100102,upi,,,,
pay_eIJbOXdut9rEas,payment,0,89500,89500,INR,0,0,False,True,1785753060,1785925860,setl_IEaz4s0R0a67OM,,default,Payment via UPI,,,8554746j20rbr,order_p7IenJ4B4SI6KJ,RCPT-IN-100359,upi,,,,
pay_qg3USjiIteunHI,payment,0,50888,51200,INR,264,48,False,True,1785753660,1785926460,setl_IEaz4s0R0a67OM,,default,Payment via CARD,,,8554746j20rbr,order_RTTrMinyx8k1Oq,RCPT-IN-100216,card,MasterCard,YESB,credit,
pay_Jl5dzpJn0meq7W,payment,0,76500,76500,INR,0,0,False,True,1785757200,1785930000,setl_IEaz4s0R0a67OM,,default,Payment via UPI,,,8554746j20rbr,order_JjjIBAzupGhv7I,RCPT-IN-100007,upi,,,,
rfnd_SgPwlUQia1ID6v,refund,76500,0,76500,INR,0,0,False,True,1785757200,1785930000,setl_IEaz4s0R0a67OM,,default,Refund via UPI,,rfnd_SgPwlUQia1ID6v,8554746j20rbr,order_JjjIBAzupGhv7I,RCPT-IN-100007,upi,,,,
pay_0wHpL1gQVKK67O,payment,0,106500,106500,INR,0,0,False,True,1785757680,1785930480,setl_IEaz4s0R0a67OM,,default,Payment via UPI,,,8554746j20rbr,order_e2yOQQ6DOK6nTx,RCPT-IN-100196,upi,,,,
pay_6IbRpYqhJhhSGD,payment,0,73700,73700,INR,0,0,False,True,1785759300,1785932100,setl_IEaz4s0R0a67OM,,default,Payment via UPI,,,8554746j20rbr,order_wojt6sFZ42cBJI,RCPT-IN-100354,upi,,,,
pay_LNInqtozMlTMAE,payment,0,111512,114200,INR,2278,410,False,True,1785764100,1785936900,setl_IEaz4s0R0a67OM,,default,Payment via NETBANKING,,,8554746j20rbr,order_suha1u6DhzWVS1,RCPT-IN-100073,netbanking,,,,
pay_1DYQpFklODESAR,payment,0,50823,52725,INR,1853,49,False,True,1785767700,1785940500,setl_IEaz4s0R0a67OM,,default,Payment (SGD) via CARD,,,8554746j20rbr,order_27I79WXiuLIXyv,RCPT-IN-100160,card,Visa,YESB,credit,
pay_2GhkQgYNWQqB86,payment,0,75636,76100,INR,393,71,False,True,1785768660,1785941460,setl_IEaz4s0R0a67OM,,default,Payment via CARD,,,8554746j20rbr,order_MtR80hbxuuYKz5,RCPT-IN-100149,card,MasterCard,SBIN,credit,
pay_VguLfiwgAq3Jm9,payment,0,17500,17500,INR,0,0,False,True,1785768960,1785941760,setl_IEaz4s0R0a67OM,,default,Payment via UPI,,,8554746j20rbr,order_Y1j5yKLB6pj4wH,RCPT-IN-100183,upi,,,,
pay_MomnzYhEqBM1k3,payment,0,67400,67400,INR,0,0,False,True,1785804600,1785977400,setl_aKHwabpJB31JWO,,default,Payment via UPI,,,83293256jbn43,order_25TE4xHKcWHMk3,RCPT-IN-100291,upi,,,,
pay_LRwI0b26r08QZJ,payment,0,16400,16400,INR,0,0,False,True,1785807960,1785980760,setl_aKHwabpJB31JWO,,default,Payment via UPI,,,83293256jbn43,order_i6gkfsUFRDzsLb,RCPT-IN-100011,upi,,,,
rfnd_Fm2OEQ3HdAVja7,refund,16400,0,16400,INR,0,0,False,True,1785807960,1785980760,setl_aKHwabpJB31JWO,,default,Refund via UPI,,rfnd_Fm2OEQ3HdAVja7,83293256jbn43,order_i6gkfsUFRDzsLb,RCPT-IN-100011,upi,,,,
pay_LmMnaxghCHGOLp,payment,0,78000,78000,INR,0,0,False,True,1785810000,1785982800,setl_aKHwabpJB31JWO,,default,Payment via UPI,,,83293256jbn43,order_DFvGSQuyYiZWe9,RCPT-IN-100302,upi,,,,
pay_yu7OE1WnwQKU5n,payment,0,363730,371100,INR,6246,1124,False,True,1785814680,1785987480,setl_aKHwabpJB31JWO,,default,Payment via WALLET,,,83293256jbn43,order_R50dJQg96eNlQn,RCPT-IN-100038,wallet,,,,
pay_woF0wooSeGIGyw,payment,0,450600,450600,INR,0,0,False,True,1785814980,1785987780,setl_aKHwabpJB31JWO,,default,Payment via UPI,,,83293256jbn43,order_pNSUVbQBWQ7SDt,RCPT-IN-100046,upi,,,,
pay_jv3wgqYI7w5Qqa,payment,0,32500,32500,INR,0,0,False,True,1785815940,1785988740,setl_aKHwabpJB31JWO,,default,Payment via UPI,,,83293256jbn43,order_EgnVcR9SXTqtor,RCPT-IN-100138,upi,,,,
pay_NPfxTc5iaiECuE,payment,0,96400,96400,INR,0,0,False,True,1785977520,1785991920,setl_SR5D1o6rI3bL1w,,default,Payment via UPI,,,650807058171,order_LqNsFYJ6h0vTXE,RCPT-IN-100249,upi,,,,
pay_sTJQjzuzGD1k35,payment,0,14800,14800,INR,0,0,False,True,1785831660,1786004460,setl_aKHwabpJB31JWO,,default,Payment via UPI,,,83293256jbn43,order_DMPNFQQ1FQfLQA,RCPT-IN-100223,upi,,,,
pay_UAAcs3byouXTfO,payment,0,35800,35800,INR,0,0,False,True,1785833460,1786006260,setl_aKHwabpJB31JWO,,default,Payment via UPI,,,83293256jbn43,order_ktOTNuoWjwekW0,RCPT-IN-100251,upi,,,,
pay_3RJoqoJhx2swNf,payment,0,50336,50900,INR,478,86,False,True,1785840960,1786013760,setl_aKHwabpJB31JWO,,default,Payment via UPI,,,83293256jbn43,order_i8KNPLJZEeWs4U,RCPT-IN-100292,upi,,,,
pay_NoICgFtifWHgeU,payment,0,92700,92700,INR,0,0,False,True,1786006140,1786020540,setl_SR5D1o6rI3bL1w,,default,Payment via UPI,,,650807058171,order_8ZtjCasgjCY4tl,RCPT-IN-100319,upi,,,,
pay_AwWtkRLDiDUuQm,payment,0,40155,40400,INR,208,37,False,True,1785852180,1786024980,setl_aKHwabpJB31JWO,,default,Payment via CARD,,,83293256jbn43,order_vX8vMvpYMCl1Ej,RCPT-IN-100365,card,MasterCard,IDFB,debit,
pay_QcQV4Wnrvw0jbQ,payment,0,119170,119900,INR,619,111,False,True,1785895560,1786068360,setl_NaQzoQLDye3Vay,,default,Payment via CARD,,,5147568vgf2u6,order_ctbOWVxD4YTxtq,RCPT-IN-100353,card,Visa,HDFC,credit,
pay_rIn3bfL7dSjG5m,payment,0,46317,46600,INR,240,43,False,True,1785895740,1786068540,setl_NaQzoQLDye3Vay,,default,Payment via CARD,,,5147568vgf2u6,order_5jKVXOmo0vPPcs,RCPT-IN-100283,card,Discover,INDB,debit,
pay_izR7hV0ueqx1Qa,payment,0,16296,16900,INR,553,51,False,True,1785896220,1786069020,setl_NaQzoQLDye3Vay,,default,Payment via WALLET,,,5147568vgf2u6,order_njk20MF2Bii2kD,RCPT-IN-100280,wallet,,,,
pay_VAegejvxEgJQ6l,payment,0,158231,159200,INR,821,148,False,True,1785901740,1786074540,setl_NaQzoQLDye3Vay,,default,Payment via CARD,,,5147568vgf2u6,order_sQfNKOd5nXv4Av,RCPT-IN-100328,card,Visa,KKBK,credit,
pay_cq8iWrAHFAuQaG,payment,0,58384,59800,INR,1200,216,False,True,1785906120,1786078920,setl_NaQzoQLDye3Vay,,default,Payment via NETBANKING,,,5147568vgf2u6,order_E0zPj9pryMwttU,RCPT-IN-100331,netbanking,,,,
pay_2PVC2L5DbbMJxy,payment,0,93407,95300,INR,1604,289,False,True,1785908340,1786081140,setl_NaQzoQLDye3Vay,,default,Payment via WALLET,,,5147568vgf2u6,order_XgHH5RcgZmQBZY,RCPT-IN-100210,wallet,,,,
pay_hQFUYQq2TjZg4a,payment,0,111200,111200,INR,0,0,False,True,1785909060,1786081860,setl_NaQzoQLDye3Vay,,default,Payment via UPI,,,5147568vgf2u6,order_rDTTP3Yzb2iQTM,RCPT-IN-100124,upi,,,,
pay_3z9oyqjL3VEUe2,payment,0,31800,31800,INR,0,0,False,True,1785910500,1786083300,setl_NaQzoQLDye3Vay,,default,Payment via UPI,,,5147568vgf2u6,order_vyMSeiDDDdUuEl,RCPT-IN-100313,upi,,,,
pay_2zdgwJf010HN48,payment,0,52084,53500,INR,1200,216,False,True,1785911880,1786084680,setl_NaQzoQLDye3Vay,,default,Payment via NETBANKING,,,5147568vgf2u6,order_JzTO5AD360QG5x,RCPT-IN-100242,netbanking,,,,
pay_wvkZ9ezRA91yOr,payment,0,167084,168500,INR,1200,216,False,True,1785913440,1786086240,setl_NaQzoQLDye3Vay,,default,Payment via NETBANKING,,,5147568vgf2u6,order_UTjuyf7zCXb4Ir,RCPT-IN-100274,netbanking,,,,
pay_PfKim3vAK1Udsk,payment,0,11800,11800,INR,0,0,False,True,1785916860,1786089660,setl_NaQzoQLDye3Vay,,default,Payment via UPI,,,5147568vgf2u6,order_fqS1dXba9rELoX,RCPT-IN-100058,upi,,,,
rfnd_7VzGgefw5JCNta,refund,5900,0,5900,INR,0,0,False,True,1785916860,1786089660,setl_NaQzoQLDye3Vay,,default,Refund via UPI,,rfnd_7VzGgefw5JCNta,5147568vgf2u6,order_fqS1dXba9rELoX,RCPT-IN-100058,upi,,,,
pay_R6aTtiOKKSeXqY,payment,0,34500,34500,INR,0,0,False,True,1785917040,1786089840,setl_NaQzoQLDye3Vay,,default,Payment via UPI,,,5147568vgf2u6,order_EwReDR4xoTGFGf,RCPT-IN-100308,upi,,,,
pay_oPW3jtZVDtVqU4,payment,0,74500,74500,INR,0,0,False,True,1785926040,1786098840,setl_NaQzoQLDye3Vay,,default,Payment via UPI,,,5147568vgf2u6,order_yegX5PzPWJINA4,RCPT-IN-100106,upi,,,,
pay_TcqFRZScsHcoeu,payment,0,30600,30600,INR,0,0,False,True,1785930360,1786103160,setl_NaQzoQLDye3Vay,,default,Payment via UPI,,,5147568vgf2u6,order_zLwhJArIXfhqPn,RCPT-IN-100120,upi,,,,
pay_STfE2PNgAmQ1ek,payment,0,119600,119600,INR,0,0,False,True,1785930780,1786103580,setl_NaQzoQLDye3Vay,,default,Payment via UPI,,,5147568vgf2u6,order_rwJ0HgV7FIHsG3,RCPT-IN-100334,upi,,,,
pay_Z4fKq1OKtbgZVa,payment,0,313380,315300,INR,1627,293,False,True,1785931860,1786104660,setl_NaQzoQLDye3Vay,,default,Payment via CARD,,,5147568vgf2u6,order_MWUFuXBVjdctBY,RCPT-IN-100010,card,Visa,KKBK,credit,
pay_SvHNbUcSM34oye,payment,0,43300,43300,INR,0,0,False,True,1785941640,1786114440,setl_NaQzoQLDye3Vay,,default,Payment via UPI,,,5147568vgf2u6,order_TYn6F8HcEkc3bQ,RCPT-IN-100245,upi,,,,
pay_vT0sxJmPU3UdXy,payment,0,115500,115500,INR,0,0,False,True,1785942060,1786114860,setl_NaQzoQLDye3Vay,,default,Payment via UPI,,,5147568vgf2u6,order_ymFgMZwKPaEpCe,RCPT-IN-100029,upi,,,,
pay_KMFtkyxqoVmb7M,payment,0,50800,50800,INR,0,0,False,True,1785942240,1786115040,setl_NaQzoQLDye3Vay,,default,Payment via UPI,,,5147568vgf2u6,order_zSkrUD7gXgGCVQ,RCPT-IN-100235,upi,,,,
pay_POWNUwbpRT4fNk,payment,0,58500,58500,INR,0,0,False,True,1786149960,1786322760,setl_WnlpO9d9lCTrmG,,default,Payment via UPI,,,517121582071,order_yKe373xR9wI0TS,RCPT-IN-100113,upi,,,,
pay_aCFyPJugrKJzWx,payment,0,40684,42100,INR,1200,216,False,True,1785977400,1786323000,setl_WnlpO9d9lCTrmG,,default,Payment via NETBANKING,,,517121582071,order_INM7OrVtEAy4eC,RCPT-IN-100133,netbanking,,,,
pay_7HRl4vg9Ur9YZs,payment,0,127900,127900,INR,0,0,False,True,1785978360,1786323960,setl_WnlpO9d9lCTrmG,,default,Payment via UPI,,,517121582071,order_BEm1sbH1v5RgJb,RCPT-IN-100200,upi,,,,
pay_GEwFb7KOv4GOPD,payment,0,75500,75500,INR,0,0,False,True,1785983940,1786329540,setl_WnlpO9d9lCTrmG,,default,Payment via UPI,,,517121582071,order_UFpExY9hWGtsC0,RCPT-IN-100300,upi,,,,
pay_UEZQPghOpzGpdC,payment,0,112584,114000,INR,1200,216,False,True,1786157280,1786330080,setl_WnlpO9d9lCTrmG,,default,Payment via NETBANKING,,,517121582071,order_GAe40O1c6XC4SO,RCPT-IN-100031,netbanking,,,,
pay_Twt01nJuJPuUmh,payment,0,104000,104000,INR,0,0,False,True,1786157460,1786330260,setl_WnlpO9d9lCTrmG,,default,Payment via UPI,,,517121582071,order_WKPU9MQ9uGK9qG,RCPT-IN-100050,upi,,,,
pay_25Ol7TClmG9AWM,payment,0,60400,60400,INR,0,0,False,True,1786071600,1786330800,setl_WnlpO9d9lCTrmG,,default,Payment via UPI,,,517121582071,order_8JqTDLVWcePVvX,RCPT-IN-100129,upi,,,,
pay_2YaNxu3bBL6b7m,payment,0,166600,166600,INR,0,0,False,True,1785990060,1786335660,setl_WnlpO9d9lCTrmG,,default,Payment via UPI,,,517121582071,order_j3W5mUCBqTrCpp,RCPT-IN-100374,upi,,,,
pay_p5SsV07g4aoKhS,payment,0,123500,123500,INR,0,0,False,True,1785995400,1786341000,setl_WnlpO9d9lCTrmG,,default,Payment via UPI,,,517121582071,order_0gNg5MaLDokmGW,RCPT-IN-100084,upi,,,,
pay_jjmko5IsxKSr3G,payment,0,39160,39400,INR,203,37,False,True,1786082220,1786341420,setl_WnlpO9d9lCTrmG,,default,Payment via CARD,,,517121582071,order_yrb0db1rt8bM2G,RCPT-IN-100221,card,MasterCard,SBIN,credit,
pay_DxBKjEm3WcqDhY,payment,0,54400,54400,INR,0,0,False,True,1786169100,1786341900,setl_WnlpO9d9lCTrmG,,default,Payment via UPI,,,517121582071,order_1cWvwGhO9rv7Ja,RCPT-IN-100080,upi,,,,
pay_TSAg59RINXHoXV,payment,0,14015,14200,INR,157,28,False,True,1786169940,1786342740,setl_WnlpO9d9lCTrmG,,default,Payment via UPI,,,517121582071,order_HgLbQFl7cfTXhh,RCPT-IN-100254,upi,,,,
pay_dR9Up14PehPjPB,payment,0,60800,60800,INR,0,0,False,True,1786085160,1786344360,setl_WnlpO9d9lCTrmG,,default,Payment via UPI,,,517121582071,order_9atpTDBMf4rpaF,RCPT-IN-100024,upi,,,,
pay_djHFQ8v85u5YeO,payment,0,51385,51700,INR,267,48,False,True,1786000680,1786346280,setl_WnlpO9d9lCTrmG,,default,Payment via CARD,,,517121582071,order_9LmzSwdZtMuyIv,RCPT-IN-100177,card,MasterCard,ICIC,debit,
pay_PTElonBB24rTVn,payment,0,53970,54300,INR,280,50,False,True,1786173480,1786346280,setl_WnlpO9d9lCTrmG,,default,Payment via CARD,,,517121582071,order_cQrTKYXOyFrdly,RCPT-IN-100304,card,American Express,UTIB,debit,
pay_Ltcj4Jc3JRaaPJ,payment,0,115393,116100,INR,599,108,False,True,1786174620,1786347420,setl_WnlpO9d9lCTrmG,,default,Payment via CARD,,,517121582071,order_BRk1SVzKQfGUd5,RCPT-IN-100071,card,Visa,SBIN,credit,
pay_S0N8sOfKH8oxFf,payment,0,90700,90700,INR,0,0,False,True,1786003620,1786349220,setl_WnlpO9d9lCTrmG,,default,Payment via UPI,,,517121582071,order_ysjyGoUWGZ7Z54,RCPT-IN-100048,upi,,,,
pay_uwFSojtfdq74Q6,payment,0,43335,43600,INR,225,40,False,True,1786176960,1786349760,setl_WnlpO9d9lCTrmG,,default,Payment via CARD,,,517121582071,order_9DtCADA4pr0nFY,RCPT-IN-100063,card,MasterCard,SBIN,debit,
pay_JRYREgQWkkhl9I,payment,0,234147,243867,INR,8981,739,False,True,1786177560,1786350360,setl_WnlpO9d9lCTrmG,,default,Payment (EUR) via WALLET,,,517121582071,order_sC6j5xG3Mxboko,RCPT-IN-100105,wallet,,,,
pay_4KccWegRhVYnId,payment,0,133500,133500,INR,0,0,False,True,1786336560,1786350960,setl_l6oS4UmyxaHH3l,,default,Payment via UPI,,,532036521381,order_BojFXSJWxUUvaf,RCPT-IN-100295,upi,,,,
pay_nkpN6wuwyF6B1D,payment,0,78900,78900,INR,0,0,False,True,1786092840,1786352040,setl_WnlpO9d9lCTrmG,,default,Payment via UPI,,,517121582071,order_tuBqrI26bz4DLn,RCPT-IN-100155,upi,,,,
pay_eQd78dyuIEzcoU,payment,0,79200,79200,INR,0,0,False,True,1786008300,1786353900,setl_WnlpO9d9lCTrmG,,default,Payment via UPI,,,517121582071,order_GNRqyXEHteeQLg,RCPT-IN-100163,upi,,,,
pay_v2fYcTLiTzJbkY,payment,0,25700,25700,INR,0,0,False,True,1786341300,1786355700,setl_l6oS4UmyxaHH3l,,default,Payment via UPI,,,532036521381,order_lOF06VU1m1P9UN,RCPT-IN-100082,upi,,,,
rfnd_5fT6ixTinbh0hu,refund,12850,0,12850,INR,0,0,False,True,1786341300,1786355700,setl_l6oS4UmyxaHH3l,,default,Refund via UPI,,rfnd_5fT6ixTinbh0hu,532036521381,order_lOF06VU1m1P9UN,RCPT-IN-100082,upi,,,,
pay_pCTbwOhtUXgx6r,payment,0,175000,175000,INR,0,0,False,True,1786182900,1786355700,setl_WnlpO9d9lCTrmG,,default,Payment via UPI,,,517121582071,order_H1xsDYV9A5aqrb,RCPT-IN-100390,upi,,,,
pay_zfjOc6VwcbIjMP,payment,0,25000,25000,INR,0,0,False,True,1786012800,1786358400,setl_WnlpO9d9lCTrmG,,default,Payment via UPI,,,517121582071,order_FLVjFUPXQzkM4B,RCPT-IN-100021,upi,,,,
pay_tPAgscI7pWsTI4,payment,0,46600,46600,INR,0,0,False,True,1786099740,1786358940,setl_WnlpO9d9lCTrmG,,default,Payment via UPI,,,517121582071,order_tJlkPVo0Hjbw8K,RCPT-IN-100094,upi,,,,
pay_hSj6iLa6jiFI6P,payment,0,91200,91200,INR,0,0,False,True,1786100220,1786359420,setl_WnlpO9d9lCTrmG,,default,Payment via UPI,,,517121582071,order_GrI9rcpnz1sA7P,RCPT-IN-100273,upi,,,,
pay_UQosG5aPyZttoK,payment,0,131425,137776,INR,6223,128,False,True,1786187760,1786360560,setl_WnlpO9d9lCTrmG,,default,Payment (SGD) via CARD,,,517121582071,order_Q2bedBn2ahrq73,RCPT-IN-100052,card,Discover,HDFC,debit,
pay_8WD5j5B16DQygt,payment,0,83400,83400,INR,0,0,False,True,1786189440,1786362240,setl_WnlpO9d9lCTrmG,,default,Payment via UPI,,,517121582071,order_vpweDGJUwA8Mrv,RCPT-IN-100069,upi,,,,
pay_eg8Psh4487Q7j5,payment,0,57000,57000,INR,0,0,False,True,1786103220,1786362420,setl_WnlpO9d9lCTrmG,,default,Payment via UPI,,,517121582071,order_8M1cIaHZcUEqPb,RCPT-IN-100009,upi,,,,
pay_RENWO0SbwZuoGC,payment,0,26500,26500,INR,0,0,False,True,1786265520,1786366320,setl_l6oS4UmyxaHH3l,,default,Payment via UPI,,,532036521381,order_0pIrtHNaq2UQCh,RCPT-IN-100388,upi,,,,
pay_9m4yEZpjgViO1z,payment,0,14300,14300,INR,0,0,False,True,1786179600,1786366800,setl_l6oS4UmyxaHH3l,,default,Payment via UPI,,,532036521381,order_py8Jry6bHJ0HUR,RCPT-IN-100355,upi,,,,
pay_0y0adSwjpIx1eW,payment,0,81000,81000,INR,0,0,False,True,1786196340,1786369140,setl_WnlpO9d9lCTrmG,,default,Payment via UPI,,,517121582071,order_y2ORtYrQbrLeAz,RCPT-IN-100055,upi,,,,
pay_0EsvDnreNrUz6A,payment,0,11958,12200,INR,205,37,False,True,1786025640,1786371240,setl_WnlpO9d9lCTrmG,,default,Payment via WALLET,,,517121582071,order_ceVrwt9p4Ld9Uy,RCPT-IN-100168,wallet,,,,
pay_FwcYZhaf75pwyB,payment,0,109800,109800,INR,0,0,False,True,1786112100,1786371300,setl_WnlpO9d9lCTrmG,,default,Payment via UPI,,,517121582071,order_Glkd7ds1baeL4E,RCPT-IN-100122,upi,,,,
pay_3fNo6W5zYdNUy5,payment,0,31904,32100,INR,166,30,False,True,1786025820,1786371420,setl_WnlpO9d9lCTrmG,,default,Payment via CARD,,,517121582071,order_BGquAEzp6Zr3WD,RCPT-IN-100112,card,Discover,IDFB,debit,
pay_lkh9Cplm11PVsC,payment,0,54300,54300,INR,0,0,False,True,1786114380,1786373580,setl_WnlpO9d9lCTrmG,,default,Payment via UPI,,,517121582071,order_u9JilkE5vTXapf,RCPT-IN-100296,upi,,,,
pay_DZP879OxrC7jok,payment,0,101737,104462,INR,2628,97,False,True,1786187820,1786375020,setl_l6oS4UmyxaHH3l,,default,Payment (USD) via CARD,,,532036521381,order_6aQCJdBew9Gw4t,RCPT-IN-100152,card,Discover,SBIN,credit,
pay_1elYbVewCOq1Dc,payment,0,121100,121100,INR,0,0,False,True,1786202280,1786375080,setl_WnlpO9d9lCTrmG,,default,Payment via UPI,,,517121582071,order_gP7Cm7LMEQFxVw,RCPT-IN-100202,upi,,,,
pay_7wBOpM4OwY2XPp,payment,0,119100,119100,INR,0,0,False,True,1786202400,1786375200,setl_WnlpO9d9lCTrmG,,default,Payment via UPI,,,517121582071,order_5eQ3ADGqY1XPSB,RCPT-IN-100161,upi,,,,
pay_vdtmtNR11b7gDf,payment,0,38369,38900,INR,450,81,False,True,1786029900,1786375500,setl_WnlpO9d9lCTrmG,,default,Payment via UPI,,,517121582071,order_8Ac3F3E5yjraJU,RCPT-IN-100185,upi,,,,
pay_cq6yT6lctwEG7z,payment,0,30900,30900,INR,0,0,False,True,1786288980,1786389780,setl_xzOgBbunMr2LkU,,default,Payment via UPI,,,7363439r3d3ks,order_GZTgt0BzYXIzeF,RCPT-IN-100228,upi,,,,
pay_fRiiHUdPKkiCgQ,payment,0,41184,42600,INR,1200,216,False,True,1786239360,1786412160,setl_bxKmeHt7ya5lh8,,default,Payment via NETBANKING,,,120147988858,order_X8MSZjNI6Pu3ig,RCPT-IN-100131,netbanking,,,,
pay_7yAitzlGfwaVAs,payment,0,33000,33000,INR,0,0,False,True,1786248420,1786421220,setl_bxKmeHt7ya5lh8,,default,Payment via UPI,,,120147988858,order_WahfVM4Vs2LzOy,RCPT-IN-100349,upi,,,,
pay_1dnskOpYMjtXd5,payment,0,37500,37500,INR,0,0,False,True,1786249020,1786421820,setl_bxKmeHt7ya5lh8,,default,Payment via UPI,,,120147988858,order_jTnee0TBPVOMgi,RCPT-IN-100079,upi,,,,
pay_ghoy32NFR5PYZp,payment,0,46600,46600,INR,0,0,False,True,1786256280,1786429080,setl_bxKmeHt7ya5lh8,,default,Payment via UPI,,,120147988858,order_cb9T2039BICbtw,RCPT-IN-100022,upi,,,,
rfnd_7770h2dcPyGOJJ,refund,46600,0,46600,INR,0,0,False,True,1786256280,1786429080,setl_bxKmeHt7ya5lh8,,default,Refund via UPI,,rfnd_7770h2dcPyGOJJ,120147988858,order_cb9T2039BICbtw,RCPT-IN-100022,upi,,,,
pay_Ks8vSwZPVQ9BFs,payment,0,188900,188900,INR,0,0,False,True,1786259700,1786432500,setl_bxKmeHt7ya5lh8,,default,Payment via UPI,,,120147988858,order_3NpQn9ppvlJpEm,RCPT-IN-100158,upi,,,,
rfnd_iAEXEJjHufpgs4,refund,188900,0,188900,INR,0,0,False,True,1786259700,1786432500,setl_bxKmeHt7ya5lh8,,default,Refund via UPI,,rfnd_iAEXEJjHufpgs4,120147988858,order_3NpQn9ppvlJpEm,RCPT-IN-100158,upi,,,,
pay_do8fFxZhMw2sTh,payment,0,130900,130900,INR,0,0,False,True,1786260540,1786433340,setl_bxKmeHt7ya5lh8,,default,Payment via UPI,,,120147988858,order_flDMsogZzufv5Q,RCPT-IN-100369,upi,,,,
rfnd_Pf3X6E8j4xEHmG,refund,65450,0,65450,INR,0,0,False,True,1786260540,1786433340,setl_bxKmeHt7ya5lh8,,default,Refund via UPI,,rfnd_Pf3X6E8j4xEHmG,120147988858,order_flDMsogZzufv5Q,RCPT-IN-100369,upi,,,,
pay_IP4QmsGP7P4PCM,payment,0,138000,138000,INR,0,0,False,True,1786264860,1786437660,setl_bxKmeHt7ya5lh8,,default,Payment via UPI,,,120147988858,order_shPIir1fW3fXqD,RCPT-IN-100255,upi,,,,
pay_QDLM7ToThwNScg,payment,0,41500,41500,INR,0,0,False,True,1786268280,1786441080,setl_bxKmeHt7ya5lh8,,default,Payment via UPI,,,120147988858,order_rLRWzBQCABugjM,RCPT-IN-100012,upi,,,,
pay_zBR2i0fX413Nbw,payment,0,71084,72500,INR,1200,216,False,True,1786273320,1786446120,setl_bxKmeHt7ya5lh8,,default,Payment via NETBANKING,,,120147988858,order_BdauMszruFFoOT,RCPT-IN-100247,netbanking,,,,
pay_3D7sICK1cSwO3l,payment,0,24400,24400,INR,0,0,False,True,1786278420,1786451220,setl_bxKmeHt7ya5lh8,,default,Payment via UPI,,,120147988858,order_zUtjuJT6QUj1NJ,RCPT-IN-100127,upi,,,,
pay_kM9LTW7vHB44FG,payment,0,58442,58800,INR,303,55,False,True,1786280100,1786452900,setl_bxKmeHt7ya5lh8,,default,Payment via CARD,,,120147988858,order_8W88n1E8mc12BC,RCPT-IN-100346,card,Visa,YESB,debit,
rfnd_mhraLkWNQL0V9w,refund,58800,0,58800,INR,0,0,False,True,1786280100,1786452900,setl_bxKmeHt7ya5lh8,,default,Refund via CARD,,rfnd_mhraLkWNQL0V9w,120147988858,order_8W88n1E8mc12BC,RCPT-IN-100346,card,Visa,YESB,debit,
pay_if8R27Ff71wCJb,payment,0,11000,11000,INR,0,0,False,True,1786280940,1786453740,setl_bxKmeHt7ya5lh8,,default,Payment via UPI,,,120147988858,order_wFka6Slgbt7AFl,RCPT-IN-100193,upi,,,,
pay_jpIzzjAFQ3tLXQ,payment,0,189100,189100,INR,0,0,False,True,1786285440,1786458240,setl_bxKmeHt7ya5lh8,,default,Payment via UPI,,,120147988858,order_sn7MZdLtpGTqzG,RCPT-IN-100231,upi,,,,
pay_TUtgGvU4DWtshZ,payment,0,20384,21800,INR,1200,216,False,True,1786444740,1786459140,setl_xzOgBbunMr2LkU,,default,Payment via NETBANKING,,,7363439r3d3ks,order_r3WwjjlXcRI4Ez,RCPT-IN-100272,netbanking,,,,
pay_QTZassLcu4G37d,payment,0,46800,46800,INR,0,0,False,True,1786288740,1786461540,setl_bxKmeHt7ya5lh8,,default,Payment via UPI,,,120147988858,order_VU1NBY1yOG2NzW,RCPT-IN-100159,upi,,,,
pay_XlVOzz9ZXyOMtb,payment,0,64605,65000,INR,335,60,False,True,1786322160,1786494960,setl_tCWiyWpZlZ84WS,,default,Payment via CARD,,,725297386471,order_lceTzuJ1eO2GZQ,RCPT-IN-100360,card,American Express,YESB,debit,
pay_RopgFGzhfVOXHU,payment,0,54100,54100,INR,0,0,False,True,1786331160,1786503960,setl_tCWiyWpZlZ84WS,,default,Payment via UPI,,,725297386471,order_g1gSuTXPa65gRm,RCPT-IN-100230,upi,,,,
pay_EPsV8pJLOfIR6k,payment,0,52984,54400,INR,1200,216,False,True,1786334820,1786507620,setl_tCWiyWpZlZ84WS,,default,Payment via NETBANKING,,,725297386471,order_UsUhJwRnqFaqte,RCPT-IN-100357,netbanking,,,,
pay_f4VucSmEHgaKwV,payment,0,71000,71000,INR,0,0,False,True,1786335600,1786508400,setl_tCWiyWpZlZ84WS,,default,Payment via UPI,,,725297386471,order_J7faC9qEwjky40,RCPT-IN-100000,upi,,,,
pay_4oO8dIimwswmpC,payment,0,36217,38900,INR,2467,216,False,True,1786337820,1786510620,setl_tCWiyWpZlZ84WS,,default,Payment via NETBANKING,,,725297386471,order_WlUhJ31cqjvUKd,RCPT-IN-100049,netbanking,,,,
pay_Aha2Hyuez1yFy4,payment,0,490586,500700,INR,10114,0,False,True,1786343220,1786516020,setl_tCWiyWpZlZ84WS,,default,Payment via UPI,,,725297386471,order_HRAYF41i1oh9PZ,RCPT-IN-100286,upi,,,,
pay_giHr7m4Fk5wCvH,payment,0,19800,19800,INR,0,0,False,True,1786503240,1786517640,setl_QeTBMcs6sAXoHF,,default,Payment via UPI,,,904607956987,order_tqXMwwdrHKI69q,RCPT-IN-100376,upi,,,,
pay_b06pQL6hVrNYR0,payment,0,22300,22300,INR,0,0,False,True,1786346640,1786519440,setl_tCWiyWpZlZ84WS,,default,Payment via UPI,,,725297386471,order_II46Xs0dghmNIL,RCPT-IN-100266,upi,,,,
pay_barEVzLQqtcfcc,payment,0,30100,30100,INR,0,0,False,True,1786347660,1786520460,setl_tCWiyWpZlZ84WS,,default,Payment via UPI,,,725297386471,order_2B8OBvZdT4z3ig,RCPT-IN-100386,upi,,,,
pay_jUPC94TNWLAVYF,payment,0,104815,107622,INR,2707,100,False,True,1786355100,1786527900,setl_tCWiyWpZlZ84WS,,default,Payment (EUR) via CARD,,,725297386471,order_eRgpMPgxAFQ0FJ,RCPT-IN-100014,card,American Express,HDFC,debit,
pay_jfRMHR3bkl4xS0,payment,0,30800,30800,INR,0,0,False,True,1786355220,1786528020,setl_tCWiyWpZlZ84WS,,default,Payment via UPI,,,725297386471,order_kpRC1EN1pJjxUD,RCPT-IN-100318,upi,,,,
pay_Ymx5OzcSsAUQRb,payment,0,397251,405300,INR,6821,1228,False,True,1786355820,1786528620,setl_tCWiyWpZlZ84WS,,default,Payment via WALLET,,,725297386471,order_Kl60w4yCS1Jz43,RCPT-IN-100065,wallet,,,,
pay_bhxGWetDikNt30,payment,0,100900,100900,INR,0,0,False,True,1786357020,1786529820,setl_tCWiyWpZlZ84WS,,default,Payment via UPI,,,725297386471,order_Fk0SKbAhMSwwDA,RCPT-IN-100047,upi,,,,
pay_0WUOXIj6X11QPD,payment,0,70900,70900,INR,0,0,False,True,1786363740,1786536540,setl_tCWiyWpZlZ84WS,,default,Payment via UPI,,,725297386471,order_CGkzo60tZ5D8Nf,RCPT-IN-100097,upi,,,,
pay_8pp7ewn1wwwURz,payment,0,47000,47000,INR,0,0,False,True,1786369920,1786542720,setl_tCWiyWpZlZ84WS,,default,Payment via UPI,,,725297386471,order_PAaiBVOi4W60VA,RCPT-IN-100156,upi,,,,
pay_1qPcQ0s3y5ecYH,payment,0,84084,84600,INR,437,79,False,True,1786370340,1786543140,setl_tCWiyWpZlZ84WS,,default,Payment via CARD,,,725297386471,order_OLzz3y2XHWl0tt,RCPT-IN-100263,card,MasterCard,SBIN,credit,
rfnd_qley577wnIGslA,refund,84600,0,84600,INR,0,0,False,True,1786370340,1786543140,setl_tCWiyWpZlZ84WS,,default,Refund via CARD,,rfnd_qley577wnIGslA,725297386471,order_OLzz3y2XHWl0tt,RCPT-IN-100263,card,MasterCard,SBIN,credit,
pay_5apJiqSULIcKcZ,payment,0,167584,169000,INR,1200,216,False,True,1786371840,1786544640,setl_tCWiyWpZlZ84WS,,default,Payment via NETBANKING,,,725297386471,order_LITYIjUjPZXzyF,RCPT-IN-100270,netbanking,,,,
pay_6aosrWlQGOTvZ8,payment,0,54100,54100,INR,0,0,False,True,1786530780,1786545180,setl_QeTBMcs6sAXoHF,,default,Payment via UPI,,,904607956987,order_9hOz9ZdNKI7xEz,RCPT-IN-100054,upi,,,,
pay_bMArF0tiIIQczl,payment,0,96100,96100,INR,0,0,False,True,1786416960,1786589760,setl_CV0R3gFtOobe1E,,default,Payment via UPI,,,615208980471,order_3r4tLtAwBm2XUB,RCPT-IN-100281,upi,,,,
pay_h1kWM8yyfVww6a,payment,0,130998,131800,INR,680,122,False,True,1786424160,1786596960,setl_CV0R3gFtOobe1E,,default,Payment via CARD,,,615208980471,order_nVsCjNIldqDFL7,RCPT-IN-100348,card,MasterCard,SBIN,debit,
pay_zJ6r5Adt6MzCK7,payment,0,38400,38400,INR,0,0,False,True,1786427160,1786599960,setl_CV0R3gFtOobe1E,,default,Payment via UPI,,,615208980471,order_1OE7n3X4vIxc9G,RCPT-IN-100070,upi,,,,
pay_h4q39TzyOVVeGu,payment,0,285000,285000,INR,0,0,False,True,1786427760,1786600560,setl_CV0R3gFtOobe1E,,default,Payment via UPI,,,615208980471,order_yvvLfGXMR5fCtI,RCPT-IN-100209,upi,,,,
pay_bVrZHC1WHq7Np8,payment,0,47211,47500,INR,245,44,False,True,1786430340,1786603140,setl_CV0R3gFtOobe1E,,default,Payment via CARD,,,615208980471,order_hhESfWBwyf476F,RCPT-IN-100128,card,MasterCard,KKBK,debit,
pay_TTKoNcFJMlUHgS,payment,0,83190,83700,INR,432,78,False,True,1786432740,1786605540,setl_CV0R3gFtOobe1E,,default,Payment via CARD,,,615208980471,order_Lae1cxlfe8RehM,RCPT-IN-100186,card,Discover,SBIN,credit,
pay_A7Gn1xdtSZcfDb,payment,0,27784,29200,INR,1200,216,False,True,1786433160,1786605960,setl_CV0R3gFtOobe1E,,default,Payment via NETBANKING,,,615208980471,order_F51ZwUMyUJEQUW,RCPT-IN-100378,netbanking,,,,
pay_k4XdxKIADjJpz6,payment,0,83000,83000,INR,0,0,False,True,1786591800,1786606200,setl_D6mrcuh6XWP9l5,,default,Payment via UPI,,,6716183jq26y4,order_ZFkn7XvgKJWSKh,RCPT-IN-100034,upi,,,,
pay_7T2YDF0k5Uy8Ih,payment,0,31100,31100,INR,0,0,False,True,1786435260,1786608060,setl_CV0R3gFtOobe1E,,default,Payment via UPI,,,615208980471,order_1WolAqAN8EpSQm,RCPT-IN-100056,upi,,,,
pay_qlXjl8aXhPkcZQ,payment,0,83190,83700,INR,432,78,False,True,1786440360,1786613160,setl_CV0R3gFtOobe1E,,default,Payment via CARD,,,615208980471,order_HOL94MjvHO31Qp,RCPT-IN-100100,card,MasterCard,KKBK,debit,
pay_4pyqXQdVlQz6aI,payment,0,29100,29100,INR,0,0,False,True,1786447440,1786620240,setl_CV0R3gFtOobe1E,,default,Payment via UPI,,,615208980471,order_5LNbh2JKLSADzk,RCPT-IN-100381,upi,,,,
pay_lPMyosACIgmOkb,payment,0,104063,104700,INR,540,97,False,True,1786447680,1786620480,setl_CV0R3gFtOobe1E,,default,Payment via CARD,,,615208980471,order_sGuBD5UE4HH9fI,RCPT-IN-100115,card,Visa,HDFC,credit,
pay_ikDZTGACM06emx,payment,0,66874,70105,INR,3166,65,False,True,1786448940,1786621740,setl_CV0R3gFtOobe1E,,default,Payment (USD) via CARD,,,615208980471,order_qDyg6inYnJorss,RCPT-IN-100060,card,Discover,UTIB,credit,
pay_0Z2jDUhJ9r7WP3,payment,0,83787,84300,INR,435,78,False,True,1786449420,1786622220,setl_CV0R3gFtOobe1E,,default,Payment via CARD,,,615208980471,order_bqoAXGhLEUbMgq,RCPT-IN-100077,card,American Express,SBIN,debit,
pay_5vSQXEZY3lEX7b,payment,0,59634,60000,INR,310,56,False,True,1786452660,1786625460,setl_CV0R3gFtOobe1E,,default,Payment via CARD,,,615208980471,order_wR2DRGD1qSo7JP,RCPT-IN-100019,card,Visa,IDFB,debit,
pay_rZrJ2rkcRzQmiL,payment,0,61484,62900,INR,1200,216,False,True,1786455480,1786628280,setl_CV0R3gFtOobe1E,,default,Payment via NETBANKING,,,615208980471,order_In3X4JPssBr3HM,RCPT-IN-100243,netbanking,,,,
pay_RNhzNdAZhq30uJ,payment,0,30315,30500,INR,157,28,False,True,1786460940,1786633740,setl_CV0R3gFtOobe1E,,default,Payment via CARD,,,615208980471,order_NhgtltlDd5g9sd,RCPT-IN-100336,card,American Express,HDFC,credit,
pay_5n1Ae6pWzpF1qH,payment,0,32700,32700,INR,0,0,False,True,1786499040,1786671840,setl_Rl3RQL51zEkbTU,,default,Payment via UPI,,,9739526h5vbu5,order_6YytwMe4LbyoVF,RCPT-IN-100006,upi,,,,
pay_QAdzEv7g5iFqhE,payment,0,30414,30600,INR,158,28,False,True,1786499640,1786672440,setl_Rl3RQL51zEkbTU,,default,Payment via CARD,,,9739526h5vbu5,order_vveQzE2QPuwNOv,RCPT-IN-100016,card,Discover,IDFB,credit,
pay_Y4kQ60wBWaB8SQ,payment,0,203400,203400,INR,0,0,False,True,1786500360,1786673160,setl_Rl3RQL51zEkbTU,,default,Payment via UPI,,,9739526h5vbu5,order_BXDlDPjthpdGm6,RCPT-IN-100279,upi,,,,
pay_MqicXZQOLytdK1,payment,0,68800,68800,INR,0,0,False,True,1786506900,1786679700,setl_Rl3RQL51zEkbTU,,default,Payment via UPI,,,9739526h5vbu5,order_6X0uDBYO49UrZr,RCPT-IN-100215,upi,,,,
pay_cVKdgXh3uXrrqL,payment,0,167000,167000,INR,0,0,False,True,1786508940,1786681740,setl_Rl3RQL51zEkbTU,,default,Payment via UPI,,,9739526h5vbu5,order_bicR6xXg8KkYVM,RCPT-IN-100389,upi,,,,
pay_UIaQXUUJBg1Tvm,payment,0,124200,124200,INR,0,0,False,True,1786519320,1786692120,setl_Rl3RQL51zEkbTU,,default,Payment via UPI,,,9739526h5vbu5,order_fqApOF5edqN10e,RCPT-IN-100290,upi,,,,
pay_kCdlkbBtIbFLhS,payment,0,26684,28100,INR,1200,216,False,True,1786524780,1786697580,setl_Rl3RQL51zEkbTU,,default,Payment via NETBANKING,,,9739526h5vbu5,order_0gyvWGOyvmzDOX,RCPT-IN-100182,netbanking,,,,
pay_JE7whXhNhK0XPr,payment,0,43700,43700,INR,0,0,False,True,1786525620,1786698420,setl_Rl3RQL51zEkbTU,,default,Payment via UPI,,,9739526h5vbu5,order_LJ0qdLo8025p36,RCPT-IN-100119,upi,,,,
pay_tIxj7WMuWCWr0X,payment,0,43136,43400,INR,224,40,False,True,1786686900,1786701300,setl_0wrTStGVLGQtM9,,default,Payment via CARD,,,694288228505,order_L78T6bNUiiHR5q,RCPT-IN-100315,card,MasterCard,YESB,debit,
pay_BeZQbmnWSmr5Za,payment,0,213800,213800,INR,0,0,False,True,1786529400,1786702200,setl_Rl3RQL51zEkbTU,,default,Payment via UPI,,,9739526h5vbu5,order_AHIAc1edocSB7G,RCPT-IN-100391,upi,,,,
pay_rHjYcTwg5Jumvd,payment,0,22400,22400,INR,0,0,False,True,1786534260,1786707060,setl_Rl3RQL51zEkbTU,,default,Payment via UPI,,,9739526h5vbu5,order_C8UeIA875RJMl6,RCPT-IN-100139,upi,,,,
pay_FJ5khNeV3GhJJt,payment,0,113007,113700,INR,587,106,False,True,1786541160,1786713960,setl_Rl3RQL51zEkbTU,,default,Payment via CARD,,,9739526h5vbu5,order_jO2zV2STFRNZ6A,RCPT-IN-100233,card,MasterCard,UTIB,debit,
pay_HHZ4IilO3OJqkd,payment,0,23105,23723,INR,596,22,False,True,1786541760,1786714560,setl_Rl3RQL51zEkbTU,,default,Payment (USD) via CARD,,,9739526h5vbu5,order_vZK80B8oYsam1m,RCPT-IN-100076,card,Visa,IDFB,credit,
pay_o974qdAZElChbM,payment,0,48800,48800,INR,0,0,False,True,1786542660,1786715460,setl_Rl3RQL51zEkbTU,,default,Payment via UPI,,,9739526h5vbu5,order_Bh8oIMw2WaU9NW,RCPT-IN-100284,upi,,,,
pay_iJhgB3cxLmAxzJ,payment,0,14909,15000,INR,77,14,False,True,1786546740,1786719540,setl_Rl3RQL51zEkbTU,,default,Payment via CARD,,,9739526h5vbu5,order_LJenuHjDUrhhje,RCPT-IN-100008,card,MasterCard,ICIC,credit,
rfnd_gcjBw56EcUngmg,refund,15000,0,15000,INR,0,0,False,True,1786546740,1786719540,setl_Rl3RQL51zEkbTU,,default,Refund via CARD,,rfnd_gcjBw56EcUngmg,9739526h5vbu5,order_LJenuHjDUrhhje,RCPT-IN-100008,card,MasterCard,ICIC,credit,
pay_Fiub3Po6Jq3QtH,payment,0,156300,156300,INR,0,0,False,True,1786710120,1786724520,setl_0wrTStGVLGQtM9,,default,Payment via UPI,,,694288228505,order_HzYFqOAJC3WF3T,RCPT-IN-100206,upi,,,,
pay_l4RhYvd2ScKcq1,payment,0,57384,58800,INR,1200,216,False,True,1786753920,1786926720,setl_jaBMeUnAieNf1d,,default,Payment via NETBANKING,,,146444735606,order_owFAbG8OASAXvf,RCPT-IN-100387,netbanking,,,,
pay_W5oGLSHR6muOtr,payment,0,31506,31700,INR,164,30,False,True,1786669920,1786929120,setl_jaBMeUnAieNf1d,,default,Payment via CARD,,,146444735606,order_CZCmKbMwTJYvCj,RCPT-IN-100091,card,Discover,SBIN,credit,
pay_eT65kqollyyjXp,payment,0,84200,84200,INR,0,0,False,True,1786757040,1786929840,setl_jaBMeUnAieNf1d,,default,Payment via UPI,,,146444735606,order_AuiyuIEHOvqoI2,RCPT-IN-100289,upi,,,,
pay_IODHloFItRjb7D,payment,0,77823,78300,INR,404,73,False,True,1786758120,1786930920,setl_jaBMeUnAieNf1d,,default,Payment via CARD,,,146444735606,order_0Yp807gPSkDdtw,RCPT-IN-100395,card,Visa,ICIC,debit,
pay_ATfmB8H4zeaamT,payment,0,37371,37600,INR,194,35,False,True,1786585440,1786931040,setl_jaBMeUnAieNf1d,,default,Payment via CARD,,,146444735606,order_dJViNFWZ2dnCSV,RCPT-IN-100136,card,American Express,INDB,debit,
pay_sqEDusTpkr0cSt,payment,0,48300,48300,INR,0,0,False,True,1786760580,1786933380,setl_jaBMeUnAieNf1d,,default,Payment via UPI,,,146444735606,order_Y4qWB8dWKnHfDN,RCPT-IN-100001,upi,,,,
pay_5YKyyQHxhDo2X9,payment,0,39984,41400,INR,1200,216,False,True,1786590600,1786936200,setl_jaBMeUnAieNf1d,,default,Payment via NETBANKING,,,146444735606,order_3cjhls45GQio2Z,RCPT-IN-100039,netbanking,,,,
pay_vqyAFaDBHI7zLH,payment,0,110200,110200,INR,0,0,False,True,1786677300,1786936500,setl_jaBMeUnAieNf1d,,default,Payment via UPI,,,146444735606,order_TkhUhPBhHMrMZC,RCPT-IN-100344,upi,,,,
pay_qfxXIOoN4RHCgI,payment,0,189837,191000,INR,986,177,False,True,1786591620,1786937220,setl_jaBMeUnAieNf1d,,default,Payment via CARD,,,146444735606,order_4ZnapEeld8VkiW,RCPT-IN-100169,card,Discover,IDFB,debit,
pay_UrDvYOpde0h9M7,payment,0,54100,54100,INR,0,0,False,True,1786764960,1786937760,setl_jaBMeUnAieNf1d,,default,Payment via UPI,,,146444735606,order_QKhrHjUZ4K6I5e,RCPT-IN-100197,upi,,,,
pay_8k5Pjg3HFrX54b,payment,0,93500,93500,INR,0,0,False,True,1786680720,1786939920,setl_jaBMeUnAieNf1d,,default,Payment via UPI,,,146444735606,order_AAQofoK1Me0I3T,RCPT-IN-100225,upi,,,,
pay_uCmIBh7fc8mq0Q,payment,0,90484,91900,INR,1200,216,False,True,1786680960,1786940160,setl_jaBMeUnAieNf1d,,default,Payment via NETBANKING,,,146444735606,order_R6Ba7kRhCRIdNv,RCPT-IN-100258,netbanking,,,,
pay_LiUdVdgA3hwQXF,payment,0,55800,55800,INR,0,0,False,True,1786594680,1786940280,setl_jaBMeUnAieNf1d,,default,Payment via UPI,,,146444735606,order_0DAJ2Z8KdzKHvg,RCPT-IN-100371,upi,,,,
pay_7vZjfEGswWhmKn,payment,0,27800,27800,INR,0,0,False,True,1786681320,1786940520,setl_jaBMeUnAieNf1d,,default,Payment via UPI,,,146444735606,order_47CbMReXLIyRxy,RCPT-IN-100350,upi,,,,
pay_clHUbUe7KyZesK,payment,0,58600,58600,INR,0,0,False,True,1786768140,1786940940,setl_jaBMeUnAieNf1d,,default,Payment via UPI,,,146444735606,order_UYycLiGroGcj6f,RCPT-IN-100282,upi,,,,
pay_liMcpgf1GB73Mc,payment,0,51000,51000,INR,0,0,False,True,1786595940,1786941540,setl_jaBMeUnAieNf1d,,default,Payment via UPI,,,146444735606,order_C4xpkGibN2xTou,RCPT-IN-100222,upi,,,,
pay_RN4YdCAZ2ybsOg,payment,0,45200,45200,INR,0,0,False,True,1786682520,1786941720,setl_jaBMeUnAieNf1d,,default,Payment via UPI,,,146444735606,order_oSdBJQmvZAvP62,RCPT-IN-100051,upi,,,,
pay_G42gigLhNIBFVO,payment,0,263400,263400,INR,0,0,False,True,1786682820,1786942020,setl_jaBMeUnAieNf1d,,default,Payment via UPI,,,146444735606,order_UOHDaLCF6ee34q,RCPT-IN-100260,upi,,,,
pay_NAyxjpuplEfEM5,payment,0,79800,79800,INR,0,0,False,True,1786684080,1786943280,setl_jaBMeUnAieNf1d,,default,Payment via UPI,,,146444735606,order_uXgeAMkoNDUjgv,RCPT-IN-100312,upi,,,,
pay_SdPuTXisg7UKxo,payment,0,40400,40400,INR,0,0,False,True,1786686480,1786945680,setl_jaBMeUnAieNf1d,,default,Payment via UPI,,,146444735606,order_S91Yh4Hz2UsJez,RCPT-IN-100337,upi,,,,
pay_yiKn5smyFq55jy,payment,0,27400,27400,INR,0,0,False,True,1786774800,1786947600,setl_jaBMeUnAieNf1d,,default,Payment via UPI,,,146444735606,order_o1TMfsNhFv1cq4,RCPT-IN-100057,upi,,,,
pay_Kaky12Ie2NTMQG,payment,0,44000,44000,INR,0,0,False,True,1786688880,1786948080,setl_jaBMeUnAieNf1d,,default,Payment via UPI,,,146444735606,order_CyGTRUh38rLcSE,RCPT-IN-100366,upi,,,,
pay_MUept1YZhwjR1H,payment,0,25800,25800,INR,0,0,False,True,1786775760,1786948560,setl_jaBMeUnAieNf1d,,default,Payment via UPI,,,146444735606,order_lCpcQ37MJcYwnR,RCPT-IN-100227,upi,,,,
pay_cVNk5UFcn02Luu,payment,0,35900,35900,INR,0,0,False,True,1786689900,1786949100,setl_jaBMeUnAieNf1d,,default,Payment via UPI,,,146444735606,order_hV98u8EU3mBHQa,RCPT-IN-100264,upi,,,,
pay_6rawox4kw6P06p,payment,0,38200,38200,INR,0,0,False,True,1786603680,1786949280,setl_jaBMeUnAieNf1d,,default,Payment via UPI,,,146444735606,order_zD4uKwJ0TQgpUY,RCPT-IN-100179,upi,,,,
pay_NdouhBvXgWvif8,payment,0,36400,36400,INR,0,0,False,True,1786690260,1786949460,setl_jaBMeUnAieNf1d,,default,Payment via UPI,,,146444735606,order_lOad781kqjhGuk,RCPT-IN-100399,upi,,,,
pay_Hxsc7owFieWXGn,payment,0,159800,159800,INR,0,0,False,True,1786693260,1786952460,setl_jaBMeUnAieNf1d,,default,Payment via UPI,,,146444735606,order_Fhiw4s3mLXvdzM,RCPT-IN-100323,upi,,,,
pay_IqTS2Hk0g1tdfI,payment,0,22761,22900,INR,118,21,False,True,1786695660,1786954860,setl_jaBMeUnAieNf1d,,default,Payment via CARD,,,146444735606,order_Y8jpBrWYCQg6Ep,RCPT-IN-100309,card,Discover,INDB,credit,
pay_RIQAjeGpzxXJoO,payment,0,86500,86500,INR,0,0,False,True,1786783620,1786956420,setl_jaBMeUnAieNf1d,,default,Payment via UPI,,,146444735606,order_ZwF7BnIHDigNjx,RCPT-IN-100111,upi,,,,
pay_QIKDOdxV0ttr9s,payment,0,79684,81100,INR,1200,216,False,True,1786786920,1786959720,setl_jaBMeUnAieNf1d,,default,Payment via NETBANKING,,,146444735606,order_yzTZUhuTDxmUFS,RCPT-IN-100174,netbanking,,,,
pay_fD3tFusnCNCuI0,payment,0,49539,51394,INR,1807,48,False,True,1786614240,1786959840,setl_jaBMeUnAieNf1d,,default,Payment (SGD) via CARD,,,146444735606,order_4nhOnkaZPRWJp3,RCPT-IN-100288,card,Visa,INDB,credit,
pay_D4fGInvLbB1DqQ,payment,0,395477,397900,INR,2053,370,False,True,1786788180,1786960980,setl_jaBMeUnAieNf1d,,default,Payment via CARD,,,146444735606,order_9Ml7mfz7VWGR6V,RCPT-IN-100352,card,Visa,HDFC,credit,
pay_IDqFSCySTyiszK,payment,0,54240,55693,INR,1401,52,False,True,1786617000,1786962600,setl_jaBMeUnAieNf1d,,default,Payment (AED) via CARD,,,146444735606,order_HFupE7TBxu6XtL,RCPT-IN-100226,card,Visa,IDFB,credit,
pay_YToo45keU5Wu1T,payment,0,49400,49400,INR,0,0,False,True,1786791300,1786964100,setl_jaBMeUnAieNf1d,,default,Payment via UPI,,,146444735606,order_v3Wk6Gml15hEec,RCPT-IN-100181,upi,,,,
pay_Md6tjqDuUAiEa8,payment,0,62715,63100,INR,326,59,False,True,1786791660,1786964460,setl_jaBMeUnAieNf1d,,default,Payment via CARD,,,146444735606,order_k0UCROycSMtNzl,RCPT-IN-100125,card,American Express,IDFB,debit,
pay_gNO2crI8tQm5cl,payment,0,39400,39400,INR,0,0,False,True,1786619220,1786964820,setl_jaBMeUnAieNf1d,,default,Payment via UPI,,,146444735606,order_XiPZmgNI3wHrgF,RCPT-IN-100089,upi,,,,
rfnd_kJTAYtFsLx2OUM,refund,19700,0,19700,INR,0,0,False,True,1786619220,1786964820,setl_jaBMeUnAieNf1d,,default,Refund via UPI,,rfnd_kJTAYtFsLx2OUM,146444735606,order_XiPZmgNI3wHrgF,RCPT-IN-100089,upi,,,,
pay_C42lmsDPrHCyUN,payment,0,92632,95600,INR,2968,0,False,True,1786705980,1786965180,setl_jaBMeUnAieNf1d,,default,Payment via UPI,,,146444735606,order_x6Wv6FasvZvn1O,RCPT-IN-100092,upi,,,,
pay_oEFZxE35XTXgQB,payment,0,159921,160900,INR,830,149,False,True,1786793700,1786966500,setl_jaBMeUnAieNf1d,,default,Payment via CARD,,,146444735606,order_N3IEr4gP9X993d,RCPT-IN-100317,card,Visa,IDFB,credit,
pay_lGdtalqgFPcSND,payment,0,143600,143600,INR,0,0,False,True,1786624200,1786969800,setl_jaBMeUnAieNf1d,,default,Payment via UPI,,,146444735606,order_XkC41Hw2lBotlz,RCPT-IN-100234,upi,,,,
pay_CsdLYsenFtb8kS,payment,0,36200,36200,INR,0,0,False,True,1786624440,1786970040,setl_jaBMeUnAieNf1d,,default,Payment via UPI,,,146444735606,order_drCZX5g0lwjmPQ,RCPT-IN-100321,upi,,,,
pay_8eMnU7cZGrQXZU,payment,0,52045,53100,INR,894,161,False,True,1786625580,1786971180,setl_jaBMeUnAieNf1d,,default,Payment via WALLET,,,146444735606,order_Yy9eRHN76ncg1a,RCPT-IN-100141,wallet,,,,
pay_QeUurNuc3WtTdX,payment,0,44600,44600,INR,0,0,False,True,1786956840,1786971240,setl_awyFKrOUc7iM3V,,default,Payment via UPI,,,529368992451,order_FwXupN0OybpvrQ,RCPT-IN-100208,upi,,,,
pay_HsnLzHPvrr5tIN,payment,0,18000,18000,INR,0,0,False,True,1786712580,1786971780,setl_jaBMeUnAieNf1d,,default,Payment via UPI,,,146444735606,order_INfqVM8VuceyCo,RCPT-IN-100236,upi,,,,
pay_YFBDCjX3tdf826,payment,0,65995,66400,INR,343,62,False,True,1786799220,1786972020,setl_jaBMeUnAieNf1d,,default,Payment via CARD,,,146444735606,order_5E3moZ7Ht9FQUk,RCPT-IN-100068,card,MasterCard,ICIC,debit,
pay_XfNCD5RTMHsTc9,payment,0,28500,28500,INR,0,0,False,True,1786628580,1786974180,setl_jaBMeUnAieNf1d,,default,Payment via UPI,,,146444735606,order_HKUcdkXSKjECAd,RCPT-IN-100095,upi,,,,
pay_D7uacnwIp3SfD6,payment,0,337830,339900,INR,1754,316,False,True,1786717860,1786977060,setl_jaBMeUnAieNf1d,,default,Payment via CARD,,,146444735606,order_7jIKeaVSTQvvpQ,RCPT-IN-100020,card,Visa,UTIB,debit,
pay_gDrsNbrg27xIfw,payment,0,56951,57300,INR,296,53,False,True,1786805460,1786978260,setl_jaBMeUnAieNf1d,,default,Payment via CARD,,,146444735606,order_MC8s0zjQLiKxoP,RCPT-IN-100093,card,Discover,UTIB,credit,
pay_jp0FgjnnmyziEt,payment,0,49900,49900,INR,0,0,False,True,1786634760,1786980360,setl_jaBMeUnAieNf1d,,default,Payment via UPI,,,146444735606,order_DqinSdZqAjvNBL,RCPT-IN-100153,upi,,,,
pay_qekbIAM7lNG1od,payment,0,62200,62200,INR,0,0,False,True,1786800120,1786987320,setl_awyFKrOUc7iM3V,,default,Payment via UPI,,,529368992451,order_PwQgbhiVuDBOuB,RCPT-IN-100173,upi,,,,
pay_fu6q7ZKhwJb6Le,payment,0,113306,114000,INR,588,106,False,True,1786842540,1787015340,setl_xhNm71RUimY8J8,,default,Payment via CARD,,,981921822671,order_gNy8MpuPWkz5GQ,RCPT-IN-100220,card,American Express,ICIC,debit,
pay_3jRtaWr4Y9OJFL,payment,0,13800,13800,INR,0,0,False,True,1786844400,1787017200,setl_xhNm71RUimY8J8,,default,Payment via UPI,,,981921822671,order_JOqOAf1lLQSAJa,RCPT-IN-100002,upi,,,,
pay_eRdAGZQu6uuPg2,payment,0,87961,88500,INR,457,82,False,True,1786847580,1787020380,setl_xhNm71RUimY8J8,,default,Payment via CARD,,,981921822671,order_nS3G9Sm2DQ3oK6,RCPT-IN-100298,card,MasterCard,SBIN,debit,
pay_9yoGhnJ3YITNlw,payment,0,37943,38959,INR,980,36,False,True,1786851120,1787023920,setl_xhNm71RUimY8J8,,default,Payment (GBP) via CARD,,,981921822671,order_VeF7eVyZN9xWB9,RCPT-IN-100256,card,MasterCard,UTIB,credit,
pay_wu7OTmDrZdtN7Q,payment,0,17300,17300,INR,0,0,False,True,1786860240,1787033040,setl_xhNm71RUimY8J8,,default,Payment via UPI,,,981921822671,order_lwAyYdiFizWxEO,RCPT-IN-100066,upi,,,,
pay_Vb3Z5NFW6yuMpe,payment,0,24351,24500,INR,126,23,False,True,1786865340,1787038140,setl_xhNm71RUimY8J8,,default,Payment via CARD,,,981921822671,order_OSHlmxPHnfpMPp,RCPT-IN-100368,card,American Express,UTIB,debit,
pay_LTtiR6UQPQ1cFh,payment,0,162000,162000,INR,0,0,False,True,1787023800,1787038200,setl_rbrMYEtbWXOhGE,,default,Payment via UPI,,,461508209424,order_of2FMIb9ySnxX6,RCPT-IN-100121,upi,,,,
rfnd_abpmzQWPY2lI7n,refund,162000,0,162000,INR,0,0,False,True,1787023800,1787038200,setl_rbrMYEtbWXOhGE,,default,Refund via UPI,,rfnd_abpmzQWPY2lI7n,461508209424,order_of2FMIb9ySnxX6,RCPT-IN-100121,upi,,,,
pay_BGSW6uMkJLauSH,payment,0,160915,161900,INR,835,150,False,True,1786873260,1787046060,setl_xhNm71RUimY8J8,,default,Payment via CARD,,,981921822671,order_XwlJ9GTQwgaRp4,RCPT-IN-100253,card,American Express,YESB,debit,
pay_A5s8vxGY8W2b5m,payment,0,23257,23400,INR,121,22,False,True,1786874460,1787047260,setl_xhNm71RUimY8J8,,default,Payment via CARD,,,981921822671,order_kCwiS7hE75ykNX,RCPT-IN-100362,card,Discover,HDFC,debit,
pay_sidYyzd1M89ORR,payment,0,84584,86000,INR,1200,216,False,True,1786874880,1787047680,setl_xhNm71RUimY8J8,,default,Payment via NETBANKING,,,981921822671,order_v91gPIsTZCOGNc,RCPT-IN-100219,netbanking,,,,
pay_EbPjhXhZJbQXTm,payment,0,131200,131200,INR,0,0,False,True,1786875480,1787048280,setl_xhNm71RUimY8J8,,default,Payment via UPI,,,981921822671,order_FcBUuHZfcLlHXC,RCPT-IN-100262,upi,,,,
pay_v2VrMqaD0A3OkW,payment,0,102700,102700,INR,0,0,False,True,1786889640,1787062440,setl_xhNm71RUimY8J8,,default,Payment via UPI,,,981921822671,order_AywQmC5C8UO2U0,RCPT-IN-100178,upi,,,,
pay_dC2TQ2xHZpxWy4,payment,0,92036,92600,INR,478,86,False,True,1786933320,1787106120,setl_XiaxfhjkZAje0q,,default,Payment via CARD,,,767920500815,order_jTtGvM8z2mptrU,RCPT-IN-100268,card,American Express,KKBK,credit,
rfnd_WkLpbV7RPoK3o9,refund,92600,0,92600,INR,0,0,False,True,1786933320,1787106120,setl_XiaxfhjkZAje0q,,default,Refund via CARD,,rfnd_WkLpbV7RPoK3o9,767920500815,order_jTtGvM8z2mptrU,RCPT-IN-100268,card,American Express,KKBK,credit,
pay_K69tmfpFW2HBkL,payment,0,63600,63600,INR,0,0,False,True,1786934100,1787106900,setl_XiaxfhjkZAje0q,,default,Payment via UPI,,,767920500815,order_Z24TqJwjklwmIz,RCPT-IN-100342,upi,,,,
pay_YTrs5AXKhoeY1x,payment,0,64505,64900,INR,335,60,False,True,1786940400,1787113200,setl_XiaxfhjkZAje0q,,default,Payment via CARD,,,767920500815,order_RwSZZnpeJVOgGu,RCPT-IN-100356,card,American Express,HDFC,debit,
pay_ttfj2jJAVet10Z,payment,0,235500,235500,INR,0,0,False,True,1786947060,1787119860,setl_XiaxfhjkZAje0q,,default,Payment via UPI,,,767920500815,order_XkBpfC6HeEFkZU,RCPT-IN-100275,upi,,,,
rfnd_12j7clThmiWf29,refund,117750,0,117750,INR,0,0,False,True,1786947060,1787119860,setl_XiaxfhjkZAje0q,,default,Refund via UPI,,rfnd_12j7clThmiWf29,767920500815,order_XkBpfC6HeEFkZU,RCPT-IN-100275,upi,,,,
pay_uvkks3YMJUXcUt,payment,0,37272,37500,INR,193,35,False,True,1786955520,1787128320,setl_XiaxfhjkZAje0q,,default,Payment via CARD,,,767920500815,order_Adxdh9eMtBEjIk,RCPT-IN-100398,card,Discover,HDFC,debit,
pay_LzsSXkkWZxh2JP,payment,0,41600,41600,INR,0,0,False,True,1786959720,1787132520,setl_XiaxfhjkZAje0q,,default,Payment via UPI,,,767920500815,order_C7fX3GXodyFJUm,RCPT-IN-100067,upi,,,,
rfnd_N33kflkNQ7xRbG,refund,41600,0,41600,INR,0,0,False,True,1786959720,1787132520,setl_XiaxfhjkZAje0q,,default,Refund via UPI,,rfnd_N33kflkNQ7xRbG,767920500815,order_C7fX3GXodyFJUm,RCPT-IN-100067,upi,,,,
pay_p2w5dFjxCAyIOk,payment,0,524984,526400,INR,1200,216,False,True,1786962960,1787135760,setl_XiaxfhjkZAje0q,,default,Payment via NETBANKING,,,767920500815,order_6CptT9IoQhobsw,RCPT-IN-100023,netbanking,,,,
pay_kqhKKNUHOuMVnB,payment,0,38906,39400,INR,494,0,False,True,1786973640,1787146440,setl_XiaxfhjkZAje0q,,default,Payment via UPI,,,767920500815,order_UExXk70XFX2SgW,RCPT-IN-100327,upi,,,,
pay_fvjH8Ney3Eagys,payment,0,96700,96700,INR,0,0,False,True,1786977840,1787150640,setl_XiaxfhjkZAje0q,,default,Payment via UPI,,,767920500815,order_tQyEHx4GWf0OeF,RCPT-IN-100297,upi,,,,
pay_ZcM5mS3gpGMPuD,payment,0,58000,58000,INR,0,0,False,True,1787015880,1787188680,setl_FESCCiaFk7HPwg,,default,Payment via UPI,,,124153699260,order_9ImDFEz04kVuIA,RCPT-IN-100108,upi,,,,
pay_mL5rF1dpBALZax,payment,0,207800,207800,INR,0,0,False,True,1787017920,1787190720,setl_FESCCiaFk7HPwg,,default,Payment via UPI,,,124153699260,order_dI1gdr0ibVJB2t,RCPT-IN-100393,upi,,,,
pay_XEiH9dKNhDpqiP,payment,0,91290,92000,INR,602,108,False,True,1787020560,1787193360,setl_FESCCiaFk7HPwg,,default,Payment via UPI,,,124153699260,order_86a76hsx9oFpNN,RCPT-IN-100157,upi,,,,
pay_uGI2DUqVER7JsG,payment,0,87500,87500,INR,0,0,False,True,1787021280,1787194080,setl_FESCCiaFk7HPwg,,default,Payment via UPI,,,124153699260,order_KZatD7F3W44C67,RCPT-IN-100367,upi,,,,
pay_FnnCl7sguJRz2E,payment,0,47500,47500,INR,0,0,False,True,1787023320,1787196120,setl_FESCCiaFk7HPwg,,default,Payment via UPI,,,124153699260,order_L508hBBn4OcF10,RCPT-IN-100217,upi,,,,
pay_phseJNJhgFzZbC,payment,0,14784,16200,INR,1200,216,False,True,1787026200,1787199000,setl_FESCCiaFk7HPwg,,default,Payment via NETBANKING,,,124153699260,order_Da75I24tCpjJ2Q,RCPT-IN-100314,netbanking,,,,
pay_CN4ki6E2UVnj4d,payment,0,131700,131700,INR,0,0,False,True,1787034660,1787207460,setl_FESCCiaFk7HPwg,,default,Payment via UPI,,,124153699260,order_fxo5NAPN5WY4GG,RCPT-IN-100150,upi,,,,
pay_XEKqd8JjeiGVuC,payment,0,162803,163800,INR,845,152,False,True,1787037240,1787210040,setl_FESCCiaFk7HPwg,,default,Payment via CARD,,,124153699260,order_Nb7uGJohpMMwoh,RCPT-IN-100377,card,MasterCard,SBIN,debit,
pay_qjJoiFpKZsRaSq,payment,0,81200,81200,INR,0,0,False,True,1787038440,1787211240,setl_FESCCiaFk7HPwg,,default,Payment via UPI,,,124153699260,order_Ta9DTvk4WaaB3x,RCPT-IN-100033,upi,,,,
pay_HIflS9VYkjLUxB,payment,0,53712,54800,INR,922,166,False,True,1787041080,1787213880,setl_FESCCiaFk7HPwg,,default,Payment via WALLET,,,124153699260,order_UNdH9SdoXkx88r,RCPT-IN-100198,wallet,,,,
pay_QP7PGYSa5KD1uS,payment,0,65000,65000,INR,0,0,False,True,1787041380,1787214180,setl_FESCCiaFk7HPwg,,default,Payment via UPI,,,124153699260,order_JoBczgVgIcAy18,RCPT-IN-100072,upi,,,,
rfnd_NRkLI1LhxOtLMm,refund,65000,0,65000,INR,0,0,False,True,1787041380,1787214180,setl_FESCCiaFk7HPwg,,default,Refund via UPI,,rfnd_NRkLI1LhxOtLMm,124153699260,order_JoBczgVgIcAy18,RCPT-IN-100072,upi,,,,
pay_j2WIGmJYWrf351,payment,0,8784,10200,INR,1200,216,False,True,1787051580,1787224380,setl_FESCCiaFk7HPwg,,default,Payment via NETBANKING,,,124153699260,order_F9k9MZWfwYRxV9,RCPT-IN-100382,netbanking,,,,
pay_R5VS0fK8sYBEMN,payment,0,99248,101907,INR,2564,95,False,True,1787221200,1787235600,setl_rnH4jxQIvYX5OX,,default,Payment (AED) via CARD,,,61112915ht1d3,order_DvzIJTOODbQHuu,RCPT-IN-100189,card,Visa,ICIC,credit,
rfnd_2uYbFo3twLmITC,refund,101907,0,101907,INR,0,0,False,True,1787221200,1787235600,setl_rnH4jxQIvYX5OX,,default,Refund (AED) via CARD,,rfnd_2uYbFo3twLmITC,61112915ht1d3,order_DvzIJTOODbQHuu,RCPT-IN-100189,card,Visa,ICIC,credit,
pay_yfzdbfoPu63LPx,payment,0,76532,77000,INR,397,71,False,True,1787063940,1787236740,setl_FESCCiaFk7HPwg,,default,Payment via CARD,,,124153699260,order_CYnmwkpvUTmrMX,RCPT-IN-100363,card,American Express,INDB,credit,
pay_BHGn7KWJsBBCIs,payment,0,41084,42500,INR,1200,216,False,True,1787105160,1787277960,setl_eUwFONUAhRnnJ5,,default,Payment via NETBANKING,,,3773224suz32e,order_poCsEvCE2lwXM0,RCPT-IN-100045,netbanking,,,,
pay_9DS0hQTo93l7q5,payment,0,110600,110600,INR,0,0,False,True,1787107980,1787280780,setl_eUwFONUAhRnnJ5,,default,Payment via UPI,,,3773224suz32e,order_UuAvCOJSnobagX,RCPT-IN-100040,upi,,,,
pay_2ceMNuXAC1n21y,payment,0,9145,9200,INR,47,8,False,True,1787276340,1787290740,setl_zgl0mASSBalnVv,,default,Payment via CARD,,,578828497777,order_gbJSEqDgta4VEc,RCPT-IN-100098,card,Visa,SBIN,credit,
pay_hNeuVIXWgjlOnR,payment,0,59038,59400,INR,307,55,False,True,1787127060,1787299860,setl_eUwFONUAhRnnJ5,,default,Payment via CARD,,,3773224suz32e,order_qgIgBabqmLCiSR,RCPT-IN-100207,card,American Express,INDB,debit,
pay_aeBhWSCdD78fZA,payment,0,97700,97700,INR,0,0,False,True,1787128140,1787300940,setl_eUwFONUAhRnnJ5,,default,Payment via UPI,,,3773224suz32e,order_UW9MFnBgjeW7Pw,RCPT-IN-100305,upi,,,,
pay_9yyzQw12OPMldj,payment,0,83284,84700,INR,1200,216,False,True,1787130660,1787303460,setl_eUwFONUAhRnnJ5,,default,Payment via NETBANKING,,,3773224suz32e,order_P4fk67r4tDZqyZ,RCPT-IN-100135,netbanking,,,,
pay_bXE9oRuFlHZYg9,payment,0,69100,69100,INR,0,0,False,True,1787130900,1787303700,setl_eUwFONUAhRnnJ5,,default,Payment via UPI,,,3773224suz32e,order_laOq34DzX9iVqQ,RCPT-IN-100146,upi,,,,
pay_uHDKsSqRT6v5F3,payment,0,56627,57300,INR,673,0,False,True,1787292480,1787306880,setl_zgl0mASSBalnVv,,default,Payment via UPI,,,578828497777,order_N9cmyRj7AzDuSO,RCPT-IN-100218,upi,,,,
pay_iUhdbi6o3JZ9mn,payment,0,139900,139900,INR,0,0,False,True,1787136720,1787309520,setl_eUwFONUAhRnnJ5,,default,Payment via UPI,,,3773224suz32e,order_FzzDurVmqTkka8,RCPT-IN-100099,upi,,,,
pay_rEzcI3gjgt1w8H,payment,0,241819,243300,INR,1255,226,False,True,1787139420,1787312220,setl_eUwFONUAhRnnJ5,,default,Payment via CARD,,,3773224suz32e,order_o9ugGd1rZiK99M,RCPT-IN-100101,card,Discover,ICIC,credit,
rfnd_DXCAsm9NdTHtIb,refund,243300,0,243300,INR,0,0,False,True,1787139420,1787312220,setl_eUwFONUAhRnnJ5,,default,Refund via CARD,,rfnd_DXCAsm9NdTHtIb,3773224suz32e,order_o9ugGd1rZiK99M,RCPT-IN-100101,card,Discover,ICIC,credit,
pay_9pKozaeYxyc8Ry,payment,0,189700,189700,INR,0,0,False,True,1787140680,1787313480,setl_eUwFONUAhRnnJ5,,default,Payment via UPI,,,3773224suz32e,order_wkVSRDnptz0mV3,RCPT-IN-100064,upi,,,,
pay_fIZ5wDnDwRaLjg,payment,0,39700,39700,INR,0,0,False,True,1787142720,1787315520,setl_eUwFONUAhRnnJ5,,default,Payment via UPI,,,3773224suz32e,order_mTHAVEXavVyVsG,RCPT-IN-100379,upi,,,,
pay_05eIJEebIqrBsL,payment,0,115000,115000,INR,0,0,False,True,1787144280,1787317080,setl_eUwFONUAhRnnJ5,,default,Payment via UPI,,,3773224suz32e,order_luCytyzEHzUPDO,RCPT-IN-100205,upi,,,,
pay_9JnueTo5iCtS8q,payment,0,25000,25000,INR,0,0,False,True,1787145120,1787317920,setl_eUwFONUAhRnnJ5,,default,Payment via UPI,,,3773224suz32e,order_AJUt4sDwyPB6pK,RCPT-IN-100240,upi,,,,
pay_kk9mwFGxXP7lah,payment,0,85600,85600,INR,0,0,False,True,1787151780,1787324580,setl_eUwFONUAhRnnJ5,,default,Payment via UPI,,,3773224suz32e,order_9VX8uZkbji1sKx,RCPT-IN-100293,upi,,,,
pay_WmXeHH2fdeeTFJ,payment,0,45984,47400,INR,1200,216,False,True,1787186040,1787531640,setl_do7jhEleqXef2q,,default,Payment via NETBANKING,,,438801644635,order_GvVvQe1sKhBN88,RCPT-IN-100004,netbanking,,,,
pay_zklKhxo7o9AFLw,payment,0,162802,166100,INR,2795,503,False,True,1787188440,1787534040,setl_do7jhEleqXef2q,,default,Payment via WALLET,,,438801644635,order_OOLUVZ3DWbqIg0,RCPT-IN-100287,wallet,,,,
rfnd_VaNvcs74OTC2Vv,refund,166100,0,166100,INR,0,0,False,True,1787188440,1787534040,setl_do7jhEleqXef2q,,default,Refund via WALLET,,rfnd_VaNvcs74OTC2Vv,438801644635,order_OOLUVZ3DWbqIg0,RCPT-IN-100287,wallet,,,,
pay_A7ujvzKfOrurvS,payment,0,194600,194600,INR,0,0,False,True,1787275980,1787535180,setl_do7jhEleqXef2q,,default,Payment via UPI,,,438801644635,order_zNi1KJx6tNhGdG,RCPT-IN-100126,upi,,,,
pay_dSWPbCRqBVzJPt,payment,0,159100,159100,INR,0,0,False,True,1787276220,1787535420,setl_do7jhEleqXef2q,,default,Payment via UPI,,,438801644635,order_IFMRi1yIjcd1yz,RCPT-IN-100088,upi,,,,
pay_ptWlKz9frxvfIQ,payment,0,136484,137900,INR,1200,216,False,True,1787276520,1787535720,setl_do7jhEleqXef2q,,default,Payment via NETBANKING,,,438801644635,order_1s7T5Dvd1yzrlK,RCPT-IN-100134,netbanking,,,,
pay_WHr5FixKMt1736,payment,0,15299,15709,INR,395,15,False,True,1787191860,1787537460,setl_do7jhEleqXef2q,,default,Payment (AED) via CARD,,,438801644635,order_p9zFRd9zaVrJL3,RCPT-IN-100306,card,Visa,YESB,credit,
pay_Vexhjx6NSbVbQj,payment,0,79200,79200,INR,0,0,False,True,1787280660,1787539860,setl_do7jhEleqXef2q,,default,Payment via UPI,,,438801644635,order_D0SSW0fZVgR3gW,RCPT-IN-100059,upi,,,,
pay_4UuHF7KVMLp7hv,payment,0,140400,140400,INR,0,0,False,True,1787194560,1787540160,setl_do7jhEleqXef2q,,default,Payment via UPI,,,438801644635,order_dCTquY1XVcKGAF,RCPT-IN-100026,upi,,,,
pay_xeKCWj0NzV5HuN,payment,0,224800,224800,INR,0,0,False,True,1787283540,1787542740,setl_do7jhEleqXef2q,,default,Payment via UPI,,,438801644635,order_cGHuvvVphx8hlj,RCPT-IN-100261,upi,,,,
pay_B1lcHyBfHEzQLJ,payment,0,156600,156600,INR,0,0,False,True,1787370360,1787543160,setl_do7jhEleqXef2q,,default,Payment via UPI,,,438801644635,order_j7S3rqY1Jl4Qis,RCPT-IN-100103,upi,,,,
rfnd_fge3Cz1CELn0pr,refund,156600,0,156600,INR,0,0,False,True,1787370360,1787543160,setl_do7jhEleqXef2q,,default,Refund via UPI,,rfnd_fge3Cz1CELn0pr,438801644635,order_j7S3rqY1Jl4Qis,RCPT-IN-100103,upi,,,,
pay_z8roYf9tXs5RUK,payment,0,29718,29900,INR,154,28,False,True,1787289000,1787548200,setl_do7jhEleqXef2q,,default,Payment via CARD,,,438801644635,order_1kf0DyiW5IMhz4,RCPT-IN-100140,card,Visa,KKBK,credit,
pay_PrYrtlOaTZ4tfB,payment,0,106200,106200,INR,0,0,False,True,1787203560,1787549160,setl_do7jhEleqXef2q,,default,Payment via UPI,,,438801644635,order_y3PFLKWYLA4SZj,RCPT-IN-100087,upi,,,,
pay_gLDLW6kDO2YejC,payment,0,71500,71500,INR,0,0,False,True,1787291880,1787551080,setl_do7jhEleqXef2q,,default,Payment via UPI,,,438801644635,order_XHLt3JER6OGzj9,RCPT-IN-100384,upi,,,,
pay_IW65XQiJKKJJHl,payment,0,261400,261400,INR,0,0,False,True,1787294400,1787553600,setl_do7jhEleqXef2q,,default,Payment via UPI,,,438801644635,order_yzHKTgkkGjfadi,RCPT-IN-100201,upi,,,,
pay_ZgTsNOVM14tuoI,payment,0,10700,10700,INR,0,0,False,True,1787296320,1787555520,setl_do7jhEleqXef2q,,default,Payment via UPI,,,438801644635,order_ZWD1IAEov4QbKD,RCPT-IN-100013,upi,,,,
pay_39nhEXVhNT5Iln,payment,0,155000,155000,INR,0,0,False,True,1787210580,1787556180,setl_do7jhEleqXef2q,,default,Payment via UPI,,,438801644635,order_CNK0XudVkdY7WU,RCPT-IN-100104,upi,,,,
pay_gVliYP0oyv3YWt,payment,0,29817,30000,INR,155,28,False,True,1787299500,1787558700,setl_do7jhEleqXef2q,,default,Payment via CARD,,,438801644635,order_EZhRnqr0UEoziq,RCPT-IN-100118,card,Discover,KKBK,debit,
pay_Hlvcw7aqWkaoKP,payment,0,43000,43000,INR,0,0,False,True,1787386200,1787559000,setl_do7jhEleqXef2q,,default,Payment via UPI,,,438801644635,order_8olgibVQYUfucC,RCPT-IN-100248,upi,,,,
pay_JYz48UvC22Xq5p,payment,0,72953,73400,INR,379,68,False,True,1787299980,1787559180,setl_do7jhEleqXef2q,,default,Payment via CARD,,,438801644635,order_LsOBmd5uFcN2CS,RCPT-IN-100164,card,American Express,YESB,credit,
pay_c307tG0qQcgDiq,payment,0,333357,335400,INR,1731,312,False,True,1787386680,1787559480,setl_do7jhEleqXef2q,,default,Payment via CARD,,,438801644635,order_l2BOzMc0KF2Hjm,RCPT-IN-100370,card,Visa,UTIB,credit,
pay_5HjLBPXggeIj8u,payment,0,159000,159000,INR,0,0,False,True,1787389320,1787562120,setl_do7jhEleqXef2q,,default,Payment via UPI,,,438801644635,order_a5ldKCX1FBpU1J,RCPT-IN-100269,upi,,,,
pay_AaZO4ebteX2qvf,payment,0,18300,18300,INR,0,0,False,True,1787217360,1787562960,setl_do7jhEleqXef2q,,default,Payment via UPI,,,438801644635,order_xAN9WSyiS9KN7E,RCPT-IN-100324,upi,,,,
pay_eCH9XOI6zwsClG,payment,0,30000,30000,INR,0,0,False,True,1787305740,1787564940,setl_do7jhEleqXef2q,,default,Payment via UPI,,,438801644635,order_bpyJwqSrfOZe9N,RCPT-IN-100335,upi,,,,
pay_vXCxx3cLb3I7Tr,payment,0,245623,250600,INR,4218,759,False,True,1787393280,1787566080,setl_do7jhEleqXef2q,,default,Payment via WALLET,,,438801644635,order_BzHJ6AI6TJgvWG,RCPT-IN-100114,wallet,,,,
pay_YRV9JXKOW40n45,payment,0,165800,165800,INR,0,0,False,True,1787394720,1787567520,setl_do7jhEleqXef2q,,default,Payment via UPI,,,438801644635,order_9ZTfU94gymM219,RCPT-IN-100137,upi,,,,
pay_YnZ9tccGt04kF8,payment,0,91500,91500,INR,0,0,False,True,1787222160,1787567760,setl_do7jhEleqXef2q,,default,Payment via UPI,,,438801644635,order_BV8TMJ0EZFO0AO,RCPT-IN-100383,upi,,,,
rfnd_N45wxQdZLaltLS,refund,91500,0,91500,INR,0,0,False,True,1787222160,1787567760,setl_do7jhEleqXef2q,,default,Refund via UPI,,rfnd_N45wxQdZLaltLS,438801644635,order_BV8TMJ0EZFO0AO,RCPT-IN-100383,upi,,,,
pay_TStPtlEaANjENg,payment,0,90000,90000,INR,0,0,False,True,1787395260,1787568060,setl_do7jhEleqXef2q,,default,Payment via UPI,,,438801644635,order_gqHw1PqHrS7GMr,RCPT-IN-100199,upi,,,,
rfnd_FRU5ksAgaW5tli,refund,90000,0,90000,INR,0,0,False,True,1787395260,1787568060,setl_do7jhEleqXef2q,,default,Refund via UPI,,rfnd_FRU5ksAgaW5tli,438801644635,order_gqHw1PqHrS7GMr,RCPT-IN-100199,upi,,,,
pay_rWc8ArEhOGaXgZ,payment,0,34800,34800,INR,0,0,False,True,1787381640,1787568840,setl_j8TSLpa7bLbIQy,,default,Payment via UPI,,,196953369143,order_pj7kJ4M9afZcxn,RCPT-IN-100083,upi,,,,
pay_X85AbasDgGf9l1,payment,0,61100,61100,INR,0,0,False,True,1787396820,1787569620,setl_do7jhEleqXef2q,,default,Payment via UPI,,,438801644635,order_2u3CZsIfxfLJxg,RCPT-IN-100259,upi,,,,
pay_VQpvsTnkIAeDfR,payment,0,29800,29800,INR,0,0,False,True,1787224260,1787569860,setl_do7jhEleqXef2q,,default,Payment via UPI,,,438801644635,order_rGsNrfSthSdddx,RCPT-IN-100017,upi,,,,
pay_1jpNoPtl9xMXx2,payment,0,16500,16500,INR,0,0,False,True,1787397540,1787570340,setl_do7jhEleqXef2q,,default,Payment via UPI,,,438801644635,order_TpQK0Emd2q4xlC,RCPT-IN-100170,upi,,,,
pay_SZCGd8nULo3g4B,payment,0,109500,109500,INR,0,0,False,True,1787312400,1787571600,setl_do7jhEleqXef2q,,default,Payment via UPI,,,438801644635,order_2u07f3LORXvnmH,RCPT-IN-100277,upi,,,,
pay_1OQAaXXjEw4krR,payment,0,110700,110700,INR,0,0,False,True,1787227860,1787573460,setl_do7jhEleqXef2q,,default,Payment via UPI,,,438801644635,order_fbig4cEDWErJiD,RCPT-IN-100310,upi,,,,
pay_CaxG67pAX30IyT,payment,0,53400,53400,INR,0,0,False,True,1787316060,1787575260,setl_do7jhEleqXef2q,,default,Payment via UPI,,,438801644635,order_jtQ3TLaCUBbkpl,RCPT-IN-100061,upi,,,,
pay_N294OuERtLAQRE,payment,0,191127,195000,INR,3282,591,False,True,1787562120,1787576520,setl_j8TSLpa7bLbIQy,,default,Payment via WALLET,,,196953369143,order_9CMgDayj8XRAUs,RCPT-IN-100116,wallet,,,,
pay_in3NCAPdmGh1IF,payment,0,21600,21600,INR,0,0,False,True,1787231220,1787576820,setl_do7jhEleqXef2q,,default,Payment via UPI,,,438801644635,order_C4lOFIXwwr7aym,RCPT-IN-100322,upi,,,,
pay_5Cv07pY4SIpt4t,payment,0,35184,35400,INR,183,33,False,True,1787405040,1787577840,setl_do7jhEleqXef2q,,default,Payment via CARD,,,438801644635,order_Yn5RtExmm0gRmN,RCPT-IN-100144,card,American Express,KKBK,credit,
pay_Ryoto6tIa3GAax,payment,0,338527,340600,INR,1757,316,False,True,1787233620,1787579220,setl_do7jhEleqXef2q,,default,Payment via CARD,,,438801644635,order_jlHfZ9kJa2yR3n,RCPT-IN-100081,card,Discover,IDFB,debit,
pay_pXGCf1uTNEpQRy,payment,0,61000,61000,INR,0,0,False,True,1787234220,1787579820,setl_do7jhEleqXef2q,,default,Payment via UPI,,,438801644635,order_XN6g8ghbxkszpw,RCPT-IN-100194,upi,,,,
pay_CIv2KkgBYB1KOp,payment,0,29700,29700,INR,0,0,False,True,1787408280,1787581080,setl_do7jhEleqXef2q,,default,Payment via UPI,,,438801644635,order_9nHjqbhLAa9yf3,RCPT-IN-100320,upi,,,,
pay_MEtTFOSI0tZSWZ,payment,0,230800,230800,INR,0,0,False,True,1787409360,1787582160,setl_do7jhEleqXef2q,,default,Payment via UPI,,,438801644635,order_26dxo4o33I7RLB,RCPT-IN-100090,upi,,,,
pay_Hygth3XrtehTxE,payment,0,129600,129600,INR,0,0,False,True,1787323500,1787582700,setl_do7jhEleqXef2q,,default,Payment via UPI,,,438801644635,order_GqEnYbeEQzqgOc,RCPT-IN-100175,upi,,,,
pay_nHOEkRyL75eXj4,payment,0,38384,39800,INR,1200,216,False,True,1787410680,1787583480,setl_do7jhEleqXef2q,,default,Payment via NETBANKING,,,438801644635,order_ekt5156t3cfPAk,RCPT-IN-100347,netbanking,,,,
pay_nMHZKSwMEv5hBc,payment,0,55300,55300,INR,0,0,False,True,1787411700,1787584500,setl_do7jhEleqXef2q,,default,Payment via UPI,,,438801644635,order_xMytvMxQMjws1S,RCPT-IN-100147,upi,,,,
pay_1G3mbUawltda3J,payment,0,48400,48400,INR,0,0,False,True,1787238900,1787584500,setl_do7jhEleqXef2q,,default,Payment via UPI,,,438801644635,order_ww6srkKvm8DPus,RCPT-IN-100380,upi,,,,
pay_SmXyuxWrxEGe4R,payment,0,110523,111200,INR,574,103,False,True,1787325960,1787585160,setl_do7jhEleqXef2q,,default,Payment via CARD,,,438801644635,order_km9ZUdIizlr4cS,RCPT-IN-100333,card,Visa,SBIN,credit,
pay_QFNG0SjfUmPS0R,payment,0,154100,154100,INR,0,0,False,True,1787401020,1787588220,setl_j8TSLpa7bLbIQy,,default,Payment via UPI,,,196953369143,order_yWrysyDsv4kpqH,RCPT-IN-100267,upi,,,,
pay_uuD3eKZpr3tPtp,payment,0,19500,19500,INR,0,0,False,True,1787401680,1787588880,setl_j8TSLpa7bLbIQy,,default,Payment via UPI,,,196953369143,order_es4emJH6fmYEsP,RCPT-IN-100151,upi,,,,
pay_NO4YW2VmnjkRSw,payment,0,30900,30900,INR,0,0,False,True,1787452560,1787625360,setl_wPDCKeCrgaBlEm,,default,Payment via UPI,,,156425782509,order_Fn9tX1HXqipUIV,RCPT-IN-100214,upi,,,,
pay_dFP5dAsOqZGMaF,payment,0,71800,71800,INR,0,0,False,True,1787457720,1787630520,setl_wPDCKeCrgaBlEm,,default,Payment via UPI,,,156425782509,order_irSXVPRqqVOCZa,RCPT-IN-100204,upi,,,,
rfnd_Q6oGYgrfQMGq7f,refund,71800,0,71800,INR,0,0,False,True,1787457720,1787630520,setl_wPDCKeCrgaBlEm,,default,Refund via UPI,,rfnd_Q6oGYgrfQMGq7f,156425782509,order_irSXVPRqqVOCZa,RCPT-IN-100204,upi,,,,
pay_YJYwY4azJ5oAPm,payment,0,12126,12200,INR,63,11,False,True,1787469900,1787642700,setl_wPDCKeCrgaBlEm,,default,Payment via CARD,,,156425782509,order_g7QsnuYP0MqHF1,RCPT-IN-100117,card,Discover,HDFC,credit,
pay_kX4hIpa7pvhdxf,payment,0,25200,25200,INR,0,0,False,True,1787470200,1787643000,setl_wPDCKeCrgaBlEm,,default,Payment via UPI,,,156425782509,order_9CMjfaNVzZBO2T,RCPT-IN-100341,upi,,,,
pay_bFSvGbSON1BrzR,payment,0,81500,81500,INR,0,0,False,True,1787470380,1787643180,setl_wPDCKeCrgaBlEm,,default,Payment via UPI,,,156425782509,order_Rve0KywBqlD2do,RCPT-IN-100392,upi,,,,
pay_bcDHMERXceP7Vj,payment,0,11000,11000,INR,0,0,False,True,1787470500,1787643300,setl_wPDCKeCrgaBlEm,,default,Payment via UPI,,,156425782509,order_DEgOevNkn3972Y,RCPT-IN-100162,upi,,,,
pay_zrSDm3ivv8IWo2,payment,0,36300,36300,INR,0,0,False,True,1787470620,1787643420,setl_wPDCKeCrgaBlEm,,default,Payment via UPI,,,156425782509,order_Y2PQ0gCceBFF2y,RCPT-IN-100195,upi,,,,
pay_g6jncEK0f4ITQt,payment,0,218500,218500,INR,0,0,False,True,1787475660,1787648460,setl_wPDCKeCrgaBlEm,,default,Payment via UPI,,,156425782509,order_H3Z4BEz1QPCzir,RCPT-IN-100329,upi,,,,
pay_TuTQukjq79VE6M,payment,0,18100,18100,INR,0,0,False,True,1787635740,1787650140,setl_tkcsQVIhpswmZV,,default,Payment via UPI,,,5405706ur3a2s,order_l7FlLTlWdWxsbu,RCPT-IN-100107,upi,,,,
pay_bZnhHSk4HFqlNO,payment,0,66393,66800,INR,345,62,False,True,1787478180,1787650980,setl_wPDCKeCrgaBlEm,,default,Payment via CARD,,,156425782509,order_Pmxygt0D0PEmVG,RCPT-IN-100132,card,Visa,SBIN,debit,
pay_tMNBlrknOSGMt2,payment,0,115000,115000,INR,0,0,False,True,1787637060,1787651460,setl_tkcsQVIhpswmZV,,default,Payment via UPI,,,5405706ur3a2s,order_26POelxk4UHCkU,RCPT-IN-100211,upi,,,,
pay_nL4qwVO61OzP1L,payment,0,50477,51500,INR,867,156,False,True,1787479860,1787652660,setl_wPDCKeCrgaBlEm,,default,Payment via WALLET,,,156425782509,order_dJsrvlwQFzErfb,RCPT-IN-100316,wallet,,,,
pay_ihWrGFuP242GFX,payment,0,47100,47100,INR,0,0,False,True,1787483820,1787656620,setl_wPDCKeCrgaBlEm,,default,Payment via UPI,,,156425782509,order_RTTwSJfmkVxMAF,RCPT-IN-100154,upi,,,,
pay_pFT57nRafmgd8D,payment,0,100900,100900,INR,0,0,False,True,1787484060,1787656860,setl_wPDCKeCrgaBlEm,,default,Payment via UPI,,,156425782509,order_Tz53uek68T4Mvi,RCPT-IN-100375,upi,,,,
pay_x1FW0XbWirl3jJ,payment,0,98400,98400,INR,0,0,False,True,1787487780,1787660580,setl_wPDCKeCrgaBlEm,,default,Payment via UPI,,,156425782509,order_qmkVOvnQ0tewCx,RCPT-IN-100110,upi,,,,
pay_78D7UdEOYQcJQx,payment,0,163400,163400,INR,0,0,False,True,1787490240,1787663040,setl_wPDCKeCrgaBlEm,,default,Payment via UPI,,,156425782509,order_v35HIPg9N43cKG,RCPT-IN-100299,upi,,,,
pay_d53x83rzjZZZZG,payment,0,39401,40200,INR,677,122,False,True,1787493720,1787666520,setl_wPDCKeCrgaBlEm,,default,Payment via WALLET,,,156425782509,order_eoZDMENcKHVmDG,RCPT-IN-100003,wallet,,,,
pay_Yml8qJexajGFpe,payment,0,142600,142600,INR,0,0,False,True,1787662560,1787676960,setl_tkcsQVIhpswmZV,,default,Payment via UPI,,,5405706ur3a2s,order_N5JoAbAArqH92F,RCPT-IN-100062,upi,,,,
pay_CQvtsU7RTAuwm6,payment,0,41700,41700,INR,0,0,False,True,1787538420,1787711220,setl_NY4itOFZS0Z5eV,,default,Payment via UPI,,,9995438m1tncr,order_zo88EB0OGet9d9,RCPT-IN-100028,upi,,,,
pay_yjupUXrFaGwiCT,payment,0,140340,141200,INR,729,131,False,True,1787544480,1787717280,setl_NY4itOFZS0Z5eV,,default,Payment via CARD,,,9995438m1tncr,order_7oYzzdeRzVT0i1,RCPT-IN-100257,card,MasterCard,INDB,credit,
pay_ib6q1N9POPOVBZ,payment,0,29500,29500,INR,0,0,False,True,1787545320,1787718120,setl_NY4itOFZS0Z5eV,,default,Payment via UPI,,,9995438m1tncr,order_RSDAhaT6ryjYmu,RCPT-IN-100276,upi,,,,
pay_Z4LKNE7wAF6qZF,payment,0,80109,80600,INR,416,75,False,True,1787549280,1787722080,setl_NY4itOFZS0Z5eV,,default,Payment via CARD,,,9995438m1tncr,order_IPdqD38aocHBZV,RCPT-IN-100244,card,American Express,IDFB,debit,
pay_4mqwWYdUksukP6,payment,0,155400,155400,INR,0,0,False,True,1787552460,1787725260,setl_NY4itOFZS0Z5eV,,default,Payment via UPI,,,9995438m1tncr,order_TKZVqsu6pdgydH,RCPT-IN-100385,upi,,,,
pay_IADMUV6LqefItp,payment,0,31400,31400,INR,0,0,False,True,1787556420,1787729220,setl_NY4itOFZS0Z5eV,,default,Payment via UPI,,,9995438m1tncr,order_qaOPUrAURB11Nw,RCPT-IN-100338,upi,,,,
pay_iIBP9FOnLKGTQj,payment,0,111300,111300,INR,0,0,False,True,1787558280,1787731080,setl_NY4itOFZS0Z5eV,,default,Payment via UPI,,,9995438m1tncr,order_09BBG7svMQB1mo,RCPT-IN-100075,upi,,,,
pay_sFHZGVDPQmoj9D,payment,0,66000,66000,INR,0,0,False,True,1787559780,1787732580,setl_NY4itOFZS0Z5eV,,default,Payment via UPI,,,9995438m1tncr,order_V3WHoyzw0e9Pmf,RCPT-IN-100301,upi,,,,
rfnd_nx2sA9AELQkQN3,refund,66000,0,66000,INR,0,0,False,True,1787559780,1787732580,setl_NY4itOFZS0Z5eV,,default,Refund via UPI,,rfnd_nx2sA9AELQkQN3,9995438m1tncr,order_V3WHoyzw0e9Pmf,RCPT-IN-100301,upi,,,,
pay_TWxAJCTd7SBtXy,payment,0,70500,70500,INR,0,0,False,True,1787561640,1787734440,setl_NY4itOFZS0Z5eV,,default,Payment via UPI,,,9995438m1tncr,order_yAryrVfzFJ1kws,RCPT-IN-100361,upi,,,,
pay_dCCCglGapsIak1,payment,0,17600,17600,INR,0,0,False,True,1787561940,1787734740,setl_NY4itOFZS0Z5eV,,default,Payment via UPI,,,9995438m1tncr,order_WEXuquKXKq8FVA,RCPT-IN-100130,upi,,,,
pay_f2K2VsRsEgokLq,payment,0,24308,24800,INR,417,75,False,True,1787562720,1787735520,setl_NY4itOFZS0Z5eV,,default,Payment via WALLET,,,9995438m1tncr,order_hA6cSbNWdDESQd,RCPT-IN-100330,wallet,,,,
pay_PE7ZawWU7Lid59,payment,0,49289,50900,INR,1365,246,False,True,1787563260,1787736060,setl_NY4itOFZS0Z5eV,,default,Payment via WALLET,,,9995438m1tncr,order_pHmbROJzgahcw4,RCPT-IN-100397,wallet,,,,
pay_W6FpSon7upsQpP,payment,0,28247,28500,INR,214,39,False,True,1787564760,1787737560,setl_NY4itOFZS0Z5eV,,default,Payment via UPI,,,9995438m1tncr,order_FIvBBxZ1JSXL9o,RCPT-IN-100096,upi,,,,
pay_wTCm4aqmRq6A0e,payment,0,134284,135700,INR,1200,216,False,True,1787565600,1787738400,setl_NY4itOFZS0Z5eV,,default,Payment via NETBANKING,,,9995438m1tncr,order_55PWkdYGSowmnD,RCPT-IN-100239,netbanking,,,,
pay_5Cycjy4kAcc4Bm,payment,0,79300,79300,INR,0,0,False,True,1787567580,1787740380,setl_NY4itOFZS0Z5eV,,default,Payment via UPI,,,9995438m1tncr,order_oVqZg8J3D6yjhJ,RCPT-IN-100191,upi,,,,
pay_3uiYKsGsOa08yc,payment,0,134600,134600,INR,0,0,False,True,1787567820,1787740620,setl_NY4itOFZS0Z5eV,,default,Payment via UPI,,,9995438m1tncr,order_HdGt0Ju5XVt4OJ,RCPT-IN-100394,upi,,,,
pay_ZZfzVW3Lt3Jivh,payment,0,78519,79000,INR,408,73,False,True,1787570220,1787743020,setl_NY4itOFZS0Z5eV,,default,Payment via CARD,,,9995438m1tncr,order_aq75SINVrE7aEg,RCPT-IN-100143,card,American Express,UTIB,debit,
pay_UnlJ9zx08GPch4,payment,0,85900,85900,INR,0,0,False,True,1787573700,1787746500,setl_NY4itOFZS0Z5eV,,default,Payment via UPI,,,9995438m1tncr,order_Y8WJzcL2j9xS7X,RCPT-IN-100241,upi,,,,
rfnd_K11AZ1jr7vEUVE,refund,85900,0,85900,INR,0,0,False,True,1787573700,1787746500,setl_NY4itOFZS0Z5eV,,default,Refund via UPI,,rfnd_K11AZ1jr7vEUVE,9995438m1tncr,order_Y8WJzcL2j9xS7X,RCPT-IN-100241,upi,,,,
pay_q1UHYmdj2oxTpa,payment,0,210100,210100,INR,0,0,False,True,1787581620,1787754420,setl_NY4itOFZS0Z5eV,,default,Payment via UPI,,,9995438m1tncr,order_TlPbYqXcgcLBAn,RCPT-IN-100036,upi,,,,
pay_NbypjmwNfCex4N,payment,0,23400,23400,INR,0,0,False,True,1787620020,1787792820,setl_LTPltanNWEK3Vq,,default,Payment via UPI,,,616485444550,order_UexAsQSqswIowc,RCPT-IN-100252,upi,,,,
pay_JLy9Bl203EdiuU,payment,0,34684,36100,INR,1200,216,False,True,1787624640,1787797440,setl_LTPltanNWEK3Vq,,default,Payment via NETBANKING,,,616485444550,order_O7gGAXNaiQ9VQi,RCPT-IN-100278,netbanking,,,,
pay_mDo5SEryImDSX1,payment,0,35284,36700,INR,1200,216,False,True,1787626560,1787799360,setl_LTPltanNWEK3Vq,,default,Payment via NETBANKING,,,616485444550,order_xbHUjS8G79YjsH,RCPT-IN-100373,netbanking,,,,
pay_0zbFDteMXi6cMU,payment,0,89700,89700,INR,0,0,False,True,1787630040,1787802840,setl_LTPltanNWEK3Vq,,default,Payment via UPI,,,616485444550,order_Xv5eBoaPzoxZCY,RCPT-IN-100027,upi,,,,
pay_xBONWCUwYap7iZ,payment,0,55600,55600,INR,0,0,False,True,1787631900,1787804700,setl_LTPltanNWEK3Vq,,default,Payment via UPI,,,616485444550,order_OTaEn8zgvcrblx,RCPT-IN-100224,upi,,,,
pay_XCKsXkm2AWh7c9,payment,0,61984,63400,INR,1200,216,False,True,1787643480,1787816280,setl_LTPltanNWEK3Vq,,default,Payment via NETBANKING,,,616485444550,order_hEHWtP0136Uxt3,RCPT-IN-100074,netbanking,,,,
pay_QhX6KWxOiixgVo,payment,0,48615,49600,INR,835,150,False,True,1787647740,1787820540,setl_LTPltanNWEK3Vq,,default,Payment via WALLET,,,616485444550,order_Onzyw2MzP0ZvzO,RCPT-IN-100005,wallet,,,,
rfnd_yReQMsm9Wcz7uW,refund,49600,0,49600,INR,0,0,False,True,1787647740,1787820540,setl_LTPltanNWEK3Vq,,default,Refund via WALLET,,rfnd_yReQMsm9Wcz7uW,616485444550,order_Onzyw2MzP0ZvzO,RCPT-IN-100005,wallet,,,,
pay_hzS2oHQcxACi0s,payment,0,50590,50900,INR,263,47,False,True,1787648400,1787821200,setl_LTPltanNWEK3Vq,,default,Payment via CARD,,,616485444550,order_kTWm8XQP4E4jGw,RCPT-IN-100142,card,Discover,IDFB,credit,
pay_kULwV6J5dtC5q2,payment,0,103784,105200,INR,1200,216,False,True,1787651880,1787824680,setl_LTPltanNWEK3Vq,,default,Payment via NETBANKING,,,616485444550,order_pN5JxGEy3liY7X,RCPT-IN-100307,netbanking,,,,
pay_Kz9GQwwvc84FTd,payment,0,61900,61900,INR,0,0,False,True,1787653380,1787826180,setl_LTPltanNWEK3Vq,,default,Payment via UPI,,,616485444550,order_3NsAEF5FLXAbag,RCPT-IN-100213,upi,,,,
pay_1195VYpHjouvF7,payment,0,69000,69000,INR,0,0,False,True,1787654400,1787827200,setl_LTPltanNWEK3Vq,,default,Payment via UPI,,,616485444550,order_ZqJTagISUc1dS6,RCPT-IN-100246,upi,,,,
pay_V22bCgf2IYDQGC,payment,0,28816,29400,INR,495,89,False,True,1787655600,1787828400,setl_LTPltanNWEK3Vq,,default,Payment via WALLET,,,616485444550,order_QNgI87KTNWqOsF,RCPT-IN-100372,wallet,,,,
pay_LfyY8ySQb5NNSa,payment,0,26500,26500,INR,0,0,False,True,1787660820,1787833620,setl_LTPltanNWEK3Vq,,default,Payment via UPI,,,616485444550,order_1oOTu7RgaWePU0,RCPT-IN-100396,upi,,,,
pay_3HkQnGJ4VU3aBi,payment,0,54400,54400,INR,0,0,False,True,1787663040,1787835840,setl_LTPltanNWEK3Vq,,default,Payment via UPI,,,616485444550,order_GGLt7yay84QUDJ,RCPT-IN-100271,upi,,,,
pay_IWbXFzcggqCCoI,payment,0,23854,24000,INR,124,22,False,True,1787666340,1787839140,setl_LTPltanNWEK3Vq,,default,Payment via CARD,,,616485444550,order_F7uUxugFDwg5Yp,RCPT-IN-100037,card,Visa,SBIN,credit,
pay_o7RIC286jIEdrn,payment,0,49184,50600,INR,1200,216,False,True,1787670960,1787843760,setl_LTPltanNWEK3Vq,,default,Payment via NETBANKING,,,616485444550,order_CTqE2wqxVbhFJZ,RCPT-IN-100176,netbanking,,,,
rfnd_IhGsEUK0im1aKP,refund,25300,0,25300,INR,0,0,False,True,1787670960,1787843760,setl_LTPltanNWEK3Vq,,default,Refund via NETBANKING,,rfnd_IhGsEUK0im1aKP,616485444550,order_CTqE2wqxVbhFJZ,RCPT-IN-100176,netbanking,,,,
