Invoice Number;Invoice Date;Order ID;Reference Number;Customer Name;Place of Supply;Invoice Status;Payment Mode;Presentment Currency;Presentment Amount;Currency;Total
INV-EU-2026-4000;22.08.2026;order_7HIPtGADdzfLrj;RCPT-EU-100000;Ida Rossi;Frankfurt;Paid;Card;EUR;0.81;EUR;0.81
INV-EU-2026-4001;14.08.2026;order_QAxnV1SYEEFNlo;RCPT-EU-100001;Sanne Schneider;Dublin;Paid;Card;EUR;11.18;EUR;11.18
INV-EU-2026-4002;19.08.2026;order_DGGCg9QPvtZQa0;RCPT-EU-100002;Emilia Novak;Munich;Paid;Card;GBP;5.18;EUR;6.04
INV-EU-2026-4003;05.08.2026;order_DCLSXhkIFXI5cV;RCPT-EU-100003;Elias Bakker;Berlin;Paid;Sepa;EUR;12.53;EUR;12.53
INV-EU-2026-4004;16.08.2026;order_7vvtIy96VWFre5;RCPT-EU-100004;Lukas Jansen;Dublin;Paid;Sepa;EUR;8.62;EUR;8.62
INV-EU-2026-4005;11.08.2026;order_O9sHfxnq6fQ5AX;RCPT-EU-100005;Finn de Vries;Hamburg;Paid;Sepa;EUR;7.06;EUR;7.06
INV-EU-2026-4006;11.08.2026;order_IfW152CtE8R0KH;RCPT-EU-100006;Ida Wagner;Lisbon;Paid;Card;EUR;4.23;EUR;4.23
INV-EU-2026-4007;22.08.2026;order_TpykBpIZdMBx1R;RCPT-EU-100007;Elias Andersen;Berlin;Paid;Ideal;EUR;20.95;EUR;20.95
INV-EU-2026-4008;04.08.2026;order_RxWis8hgnwKZ2y;RCPT-EU-100008;Ida Novak;Frankfurt;Paid;Sepa;EUR;3.25;EUR;3.25
INV-EU-2026-4009;05.08.2026;order_P5YFTiy7UQ6t2B;RCPT-EU-100009;Sanne Meyer;Antwerp;Paid;Card;EUR;2.21;EUR;2.21
INV-EU-2026-4010;09.08.2026;order_84fl8sFwOchjS1;RCPT-EU-100010;Hanna Rossi;Frankfurt;Paid;Card;EUR;27.48;EUR;27.48
INV-EU-2026-4011;20.08.2026;order_Ch6ZizkHfFsKE7;RCPT-EU-100011;Ida Andersen;Frankfurt;Paid;Ideal;EUR;12.88;EUR;12.88
INV-EU-2026-4012;16.08.2026;order_ArSUuWPnfGfulH;RCPT-EU-100012;Ida Müller;Frankfurt;Paid;Card;EUR;38.34;EUR;38.34
INV-EU-2026-4013;17.08.2026;order_5LUmU57MNxM4GI;RCPT-EU-100013;Luca Wagner;Munich;Paid;Card;EUR;3.62;EUR;3.62
INV-EU-2026-4014;14.08.2026;order_Vgr1MzEeGBCwjn;RCPT-EU-100014;Elias Fischer;Hamburg;Paid;Sepa;EUR;10.35;EUR;10.35
INV-EU-2026-4015;06.08.2026;order_mXAosC2MLadXvX;RCPT-EU-100015;Emilia Schmidt;Antwerp;Paid;Wallet;EUR;21.43;EUR;21.43
INV-EU-2026-4016;01.08.2026;order_7ZI5V4isXxbwLZ;RCPT-EU-100016;Noah Weber;Cologne;Paid;Card;EUR;25.43;EUR;25.43
INV-EU-2026-4017;12.08.2026;order_fpNsHwZkBHnGvP;RCPT-EU-100017;Paul de Vries;Berlin;Paid;Sepa;EUR;2.14;EUR;2.14
INV-EU-2026-4018;21.08.2026;order_KYeK2finmDb8fa;RCPT-EU-100018;Lena de Vries;Rotterdam;Paid;Card;EUR;16.98;EUR;16.98
INV-EU-2026-4019;09.08.2026;order_ZDlu8UEz5ObueQ;RCPT-EU-100019;Sophie Andersen;Milan;Paid;Card;EUR;4.17;EUR;4.17
INV-EU-2026-4020;05.08.2026;order_QolraXxvh0I8Su;RCPT-EU-100020;Bram Schmidt;Antwerp;Paid;Sepa;EUR;16.99;EUR;16.99
INV-EU-2026-4021;17.08.2026;order_oDARQbBnCGOiRE;RCPT-EU-100021;Lena Jansen;Cologne;Paid;Card;EUR;15.39;EUR;15.39
INV-EU-2026-4022;11.08.2026;order_XJp1mUSjwv06Lb;RCPT-EU-100022;Sophie Jansen;Vienna;Paid;Sepa;EUR;8.67;EUR;8.67
INV-EU-2026-4023;22.08.2026;order_Utckm658r6Rchz;RCPT-EU-100023;Sanne Meyer;Amsterdam;Paid;Sepa;EUR;5.62;EUR;5.62
INV-EU-2026-4024;24.08.2026;order_Fwd42SzBOhDiKk;RCPT-EU-100024;Hanna Andersen;Antwerp;Paid;Card;EUR;4.43;EUR;4.43
INV-EU-2026-4025;14.08.2026;order_tn6Caw0qW2AzY1;RCPT-EU-100025;Lukas Andersen;Munich;Paid;Card;EUR;12.96;EUR;12.96
INV-EU-2026-4026;14.08.2026;order_DwdBle6zCUGMLW;RCPT-EU-100026;Mila Jansen;Hamburg;Paid;Card;CHF;5.54;EUR;5.64
INV-EU-2026-4027;13.08.2026;order_jx9Fe3OZDN8Izz;RCPT-EU-100027;Luca Andersen;Berlin;Paid;Sepa;EUR;3.85;EUR;3.85
INV-EU-2026-4028;08.08.2026;order_IovnRhiDJkxLAN;RCPT-EU-100028;Elias Schmidt;Vienna;Paid;Ideal;EUR;15.14;EUR;15.14
INV-EU-2026-4029;23.08.2026;order_rFy0cNCiahfK81;RCPT-EU-100029;Noah Weber;Frankfurt;Paid;Ideal;EUR;4.49;EUR;4.49
INV-EU-2026-4030;04.08.2026;order_ivT9VwZjqFQMMY;RCPT-EU-100030;Luca Bakker;Cologne;Paid;Card;EUR;6.34;EUR;6.34
INV-EU-2026-4031;11.08.2026;order_baxEV60b7gIpNx;RCPT-EU-100031;Ida Bakker;Berlin;Paid;Card;SEK;49.10;EUR;4.23
INV-EU-2026-4032;20.08.2026;order_0GntKQxi5TjOWn;RCPT-EU-100032;Elias Bakker;Milan;Paid;Wallet;EUR;4.09;EUR;4.09
INV-EU-2026-4033;17.08.2026;order_VF73XRd4HcuIP5;RCPT-EU-100033;Jonas de Vries;Rotterdam;Paid;Ideal;EUR;2.91;EUR;2.91
INV-EU-2026-4035;17.08.2026;order_9fmGeWa5n6skwa;RCPT-EU-100035;Bram Jansen;Milan;Paid;Sepa;EUR;38.44;EUR;38.44
INV-EU-2026-4036;14.08.2026;order_T4l4EPH2cPg3ZD;RCPT-EU-100036;Hanna Rossi;Frankfurt;Paid;Card;SEK;54.31;EUR;4.68
INV-EU-2026-4037;03.08.2026;order_yIH4ik8dASPuTB;RCPT-EU-100037;Jonas Jansen;Cologne;Paid;Wallet;EUR;17.16;EUR;17.16
INV-EU-2026-4038;13.08.2026;order_7s5DMU12W5eBLo;RCPT-EU-100038;Finn de Vries;Lisbon;Paid;Sepa;EUR;7.97;EUR;7.97
INV-EU-2026-4039;02.08.2026;order_O3THtsMRLuPgqS;RCPT-EU-100039;Mila Weber;Hamburg;Paid;Card;EUR;14.47;EUR;14.47
INV-EU-2026-4040;09.08.2026;order_KSwMPLRujBLy5J;RCPT-EU-100040;Sanne Andersen;Dublin;Paid;Sepa;EUR;5.38;EUR;5.38
INV-EU-2026-4041;16.08.2026;order_iLmxxKHmbPqcjx;RCPT-EU-100041;Bram de Vries;Amsterdam;Paid;Card;EUR;7.90;EUR;7.90
INV-EU-2026-4042;20.08.2026;order_LkoilyuPnJDTbC;RCPT-EU-100042;Jonas Rossi;Antwerp;Paid;Card;EUR;5.84;EUR;5.84
INV-EU-2026-4043;06.08.2026;order_mIJvdhvCAPa4hJ;RCPT-EU-100043;Ida Schmidt;Berlin;Paid;Card;EUR;2.65;EUR;2.65
INV-EU-2026-4044;22.08.2026;order_ZlpDvVks634l74;RCPT-EU-100044;Paul Fischer;Frankfurt;Paid;Wallet;EUR;6.55;EUR;6.55
INV-EU-2026-4045;02.08.2026;order_3fNiYaEDsRX8Rn;RCPT-EU-100045;Paul Bakker;Lisbon;Paid;Card;EUR;10.80;EUR;10.80
INV-EU-2026-4046;09.08.2026;order_qDTZmPfCMJgmIC;RCPT-EU-100046;Bram de Vries;Milan;Paid;Card;EUR;7.90;EUR;7.90
INV-EU-2026-4047;23.08.2026;order_XWnNIC2BvoekAz;RCPT-EU-100047;Lena Rossi;Munich;Paid;Card;EUR;4.78;EUR;4.78
INV-EU-2026-4048;12.08.2026;order_exKWqtPhFvV6bz;RCPT-EU-100048;Luca Novak;Antwerp;Paid;Sepa;EUR;14.99;EUR;14.99
INV-EU-2026-4049;01.08.2026;order_WU5XkTQ0q4LpeY;RCPT-EU-100049;Finn Andersen;Munich;Paid;Card;EUR;11.54;EUR;11.54
INV-EU-2026-4050;20.08.2026;order_eBJmMROQrOPhA7;RCPT-EU-100050;Mila de Vries;Cologne;Paid;Sepa;EUR;9.68;EUR;9.68
INV-EU-2026-4051;25.08.2026;order_ZrK9M0KKVnsfzk;RCPT-EU-100051;Ida Weber;Vienna;Paid;Sepa;EUR;8.25;EUR;8.25
INV-EU-2026-4052;18.08.2026;order_xreCKn3a3eDWQZ;RCPT-EU-100052;Paul Weber;Milan;Paid;Sepa;EUR;3.26;EUR;3.26
INV-EU-2026-4053;12.08.2026;order_nqSOpLAels8y7I;RCPT-EU-100053;Luca Rossi;Lisbon;Paid;Card;EUR;19.04;EUR;19.04
INV-EU-2026-4054;22.08.2026;order_31pSOZunawJkYr;RCPT-EU-100054;Sanne Schneider;Munich;Paid;Card;EUR;10.53;EUR;10.53
INV-EU-2026-4055;09.08.2026;order_EA5wTqFALVeIyM;RCPT-EU-100055;Lena Andersen;Antwerp;Paid;Card;USD;5.57;EUR;5.11
INV-EU-2026-4056;13.08.2026;order_iHrERWBwjTEgdA;RCPT-EU-100056;Lukas Andersen;Antwerp;Paid;Card;EUR;9.75;EUR;9.75
INV-EU-2026-4057;08.08.2026;order_aQ56nBAkJOUYuX;RCPT-EU-100057;Luca Andersen;Vienna;Paid;Sepa;EUR;4.28;EUR;4.28
INV-EU-2026-4058;15.08.2026;order_WLbBAZgDZGU8i1;RCPT-EU-100058;Emilia Meyer;Munich;Paid;Card;EUR;6.29;EUR;6.29
INV-EU-2026-4059;04.08.2026;order_xWhAJuoqY6pDNn;RCPT-EU-100059;Sophie Schmidt;Milan;Paid;Card;EUR;10.11;EUR;10.11
INV-EU-2026-4060;15.08.2026;order_JidVQvnUMvejZD;RCPT-EU-100060;Mila Schneider;Lisbon;Paid;Card;EUR;3.38;EUR;3.38
INV-EU-2026-4061;05.08.2026;order_A3bMfR9pPEGjcy;RCPT-EU-100061;Mila Schmidt;Cologne;Paid;Ideal;EUR;7.29;EUR;7.29
INV-EU-2026-4062;25.08.2026;order_rnd5fEFpNioU49;RCPT-EU-100062;Ida Wagner;Berlin;Paid;Wallet;GBP;7.77;EUR;9.05
INV-EU-2026-4063;23.08.2026;order_HQ8WnnWTMAEsNv;RCPT-EU-100063;Hanna Andersen;Frankfurt;Paid;Sepa;EUR;4.61;EUR;4.61
INV-EU-2026-4064;03.08.2026;order_2FrpdO7eYMvamO;RCPT-EU-100064;Ida Meyer;Rotterdam;Paid;Card;EUR;3.49;EUR;3.49
INV-EU-2026-4065;22.08.2026;order_G042xlGiqGd5NF;RCPT-EU-100065;Lukas Meyer;Berlin;Paid;Sepa;EUR;11.84;EUR;11.84
INV-EU-2026-4066;22.08.2026;order_Zb1OpisHDEdpZy;RCPT-EU-100066;Finn Jansen;Vienna;Paid;Wallet;EUR;16.83;EUR;16.83
INV-EU-2026-4067;17.08.2026;order_4HbdJBX3X8154B;RCPT-EU-100067;Ida de Vries;Antwerp;Paid;Sepa;EUR;3.14;EUR;3.14
INV-EU-2026-4068;04.08.2026;order_cKjGdI25Gz2gJJ;RCPT-EU-100068;Sophie Wagner;Berlin;Paid;Card;EUR;5.57;EUR;5.57
INV-EU-2026-4069;04.08.2026;order_CYaTFNQiHq6aV5;RCPT-EU-100069;Elias Bakker;Antwerp;Paid;Sepa;EUR;6.53;EUR;6.53
INV-EU-2026-4070;04.08.2026;order_YjUZ0OrGtXCUXe;RCPT-EU-100070;Lena Wagner;Dublin;Paid;Card;EUR;7.05;EUR;7.05
INV-EU-2026-4071;01.08.2026;order_WD2FNQlRzy8bp3;RCPT-EU-100071;Sophie Schmidt;Frankfurt;Paid;Card;EUR;15.77;EUR;15.77
INV-EU-2026-4072;09.08.2026;order_wNliA0veaVro66;RCPT-EU-100072;Sanne Rossi;Hamburg;Paid;Card;EUR;9.65;EUR;9.65
INV-EU-2026-4073;15.08.2026;order_sHZTs9pjH73NGa;RCPT-EU-100073;Elias Schmidt;Hamburg;Paid;Ideal;EUR;2.41;EUR;2.41
INV-EU-2026-4074;16.08.2026;order_xlUMAW0KpWYlzh;RCPT-EU-100074;Sanne Bakker;Dublin;Paid;Ideal;EUR;11.92;EUR;11.92
INV-EU-2026-4075;12.08.2026;order_0QYPtNb6nEjLa6;RCPT-EU-100075;Sophie Fischer;Hamburg;Paid;Card;EUR;5.85;EUR;5.85
INV-EU-2026-4076;04.08.2026;order_vnWHKwMlK57XsU;RCPT-EU-100076;Sophie Fischer;Vienna;Paid;Card;INR;271.09;EUR;2.98
INV-EU-2026-4077;09.08.2026;order_6lxoQTDb7xXpyi;RCPT-EU-100077;Sanne Rossi;Vienna;Paid;Ideal;EUR;4.82;EUR;4.82
INV-EU-2026-4078;07.08.2026;order_D8qqEJBakJ5r2y;RCPT-EU-100078;Emilia Schmidt;Antwerp;Paid;Card;EUR;9.31;EUR;9.31
INV-EU-2026-4079;20.08.2026;order_VOsR8Ji837J2b7;RCPT-EU-100079;Emilia Schmidt;Antwerp;Paid;Card;EUR;5.96;EUR;5.96
INV-EU-2026-4080;02.08.2026;order_yNZ1OaWVOWZA5x;RCPT-EU-100080;Noah de Vries;Lisbon;Paid;Card;EUR;16.74;EUR;16.74
INV-EU-2026-4081;21.08.2026;order_QmhkQk4BLTOETg;RCPT-EU-100081;Finn Rossi;Berlin;Paid;Ideal;EUR;6.87;EUR;6.87
INV-EU-2026-4082;18.08.2026;order_yOVyNY6Sjl8vEe;RCPT-EU-100082;Marie Jansen;Berlin;Paid;Sepa;EUR;3.10;EUR;3.10
INV-EU-2026-4083;03.08.2026;order_IsrP42u48qdXXu;RCPT-EU-100083;Lena Rossi;Berlin;Paid;Card;GBP;6.31;EUR;7.35
INV-EU-2026-4084;11.08.2026;order_LK9VokGSey5mdW;RCPT-EU-100084;Finn Schneider;Cologne;Paid;Card;EUR;2.69;EUR;2.69
INV-EU-2026-4085;01.08.2026;order_9fnpEdBLVAKTCV;RCPT-EU-100085;Lena Novak;Cologne;Paid;Sepa;EUR;5.66;EUR;5.66
INV-EU-2026-4086;24.08.2026;order_dgj6SwK7uUPjlZ;RCPT-EU-100086;Sophie Rossi;Lisbon;Paid;Card;EUR;3.55;EUR;3.55
INV-EU-2026-4087;09.08.2026;order_FRzDPl1ZzCQM5o;RCPT-EU-100087;Ida Meyer;Antwerp;Paid;Ideal;EUR;4.90;EUR;4.90
INV-EU-2026-4088;07.08.2026;order_B9gqVeypnr6Z78;RCPT-EU-100088;Hanna Wagner;Rotterdam;Paid;Card;EUR;5.97;EUR;5.97
INV-EU-2026-4089;20.08.2026;order_3AkQ8fo7fOYtWC;RCPT-EU-100089;Mila Fischer;Lisbon;Paid;Sepa;EUR;5.10;EUR;5.10
INV-EU-2026-4090;04.08.2026;order_xDVGRNhfECG3ti;RCPT-EU-100090;Finn Bakker;Vienna;Paid;Card;EUR;6.82;EUR;6.82
INV-EU-2026-4091;11.08.2026;order_awojzp78g58Qli;RCPT-EU-100091;Emilia Andersen;Berlin;Paid;Card;EUR;12.22;EUR;12.22
INV-EU-2026-4092;06.08.2026;order_45DjEARdsnc3Ib;RCPT-EU-100092;Mila Wagner;Lisbon;Paid;Ideal;EUR;1.46;EUR;1.46
INV-EU-2026-4093;20.08.2026;order_vfl3U7oHVTBO13;RCPT-EU-100093;Finn Weber;Berlin;Paid;Card;EUR;2.84;EUR;2.84
INV-EU-2026-4094;23.08.2026;order_Yr5gzy7Z4qEvOS;RCPT-EU-100094;Finn Rossi;Rotterdam;Paid;Card;EUR;9.33;EUR;9.33
INV-EU-2026-4095;25.08.2026;order_3ZT9Mv6bDflD0N;RCPT-EU-100095;Paul Schmidt;Dublin;Paid;Sepa;EUR;16.68;EUR;16.68
INV-EU-2026-4096;23.08.2026;order_BRwkVh9fUK7oy5;RCPT-EU-100096;Bram Weber;Frankfurt;Paid;Sepa;EUR;4.30;EUR;4.30
INV-EU-2026-4097;04.08.2026;order_1NYtRJWligBiXZ;RCPT-EU-100097;Mila Fischer;Hamburg;Paid;Card;EUR;5.49;EUR;5.49
INV-EU-2026-4098;10.08.2026;order_OjOmnUJp96Vyc4;RCPT-EU-100098;Bram Meyer;Dublin;Paid;Card;EUR;5.85;EUR;5.85
INV-EU-2026-4099;07.08.2026;order_lBGUClWwfmi3YE;RCPT-EU-100099;Emilia de Vries;Rotterdam;Paid;Card;EUR;3.69;EUR;3.69
INV-EU-2026-4100;08.08.2026;order_zqcstgPa0YXgQd;RCPT-EU-100100;Lukas Weber;Rotterdam;Paid;Card;INR;458.63;EUR;5.04
INV-EU-2026-4101;21.08.2026;order_ZgjO4lp631MEHP;RCPT-EU-100101;Ida de Vries;Antwerp;Paid;Sepa;EUR;19.85;EUR;19.85
INV-EU-2026-4102;10.08.2026;order_tLEdv5PrfN7cpi;RCPT-EU-100102;Lukas Müller;Amsterdam;Paid;Wallet;USD;12.82;EUR;11.76
INV-EU-2026-4103;07.08.2026;order_ztIyMoBvK4ep9U;RCPT-EU-100103;Sophie Bakker;Berlin;Paid;Card;EUR;7.62;EUR;7.62
INV-EU-2026-4104;02.08.2026;order_LsPYS72qsHoqpo;RCPT-EU-100104;Lukas Müller;Frankfurt;Paid;Card;EUR;4.73;EUR;4.73
INV-EU-2026-4105;13.08.2026;order_qxpkoPcMfuCEi3;RCPT-EU-100105;Paul Jansen;Amsterdam;Paid;Card;INR;352.79;EUR;3.88
INV-EU-2026-4106;20.08.2026;order_2Vm6zClHOSLMcH;RCPT-EU-100106;Jonas Schneider;Antwerp;Paid;Card;EUR;12.43;EUR;12.43
INV-EU-2026-4107;14.08.2026;order_yl2ZSiS8qIKYzt;RCPT-EU-100107;Sophie Rossi;Berlin;Paid;Sepa;EUR;4.34;EUR;4.34
INV-EU-2026-4108;10.08.2026;order_rXlmr9k54k44RO;RCPT-EU-100108;Luca Bakker;Hamburg;Paid;Sepa;EUR;9.57;EUR;9.57
INV-EU-2026-4109;16.08.2026;order_XgsmMi2QMYjmVu;RCPT-EU-100109;Noah Rossi;Rotterdam;Paid;Card;EUR;2.18;EUR;2.18
INV-EU-2026-4110;17.08.2026;order_rnJ6yp99MInmKr;RCPT-EU-100110;Finn Bakker;Lisbon;Paid;Card;EUR;8.12;EUR;8.12
INV-EU-2026-4111;21.08.2026;order_OGBlK2EKiWIFms;RCPT-EU-100111;Mila Müller;Lisbon;Paid;Card;CHF;18.30;EUR;18.64
INV-EU-2026-4112;11.08.2026;order_mXrG9yuSEdmgaz;RCPT-EU-100112;Bram Wagner;Lisbon;Paid;Ideal;EUR;4.01;EUR;4.01
INV-EU-2026-4113;12.08.2026;order_Y46NuAA4KeJIKI;RCPT-EU-100113;Finn Meyer;Cologne;Paid;Card;EUR;3.77;EUR;3.77
INV-EU-2026-4114;02.08.2026;order_TT6aNxp9Ea7K8d;RCPT-EU-100114;Ida Andersen;Berlin;Paid;Card;EUR;5.54;EUR;5.54
INV-EU-2026-4115;08.08.2026;order_3s7uOdEHgGOKP0;RCPT-EU-100115;Finn Meyer;Munich;Paid;Card;EUR;8.48;EUR;8.48
INV-EU-2026-4116;20.08.2026;order_j2RzsrJ1SYrpCQ;RCPT-EU-100116;Hanna Bakker;Frankfurt;Paid;Card;EUR;2.98;EUR;2.98
INV-EU-2026-4117;23.08.2026;order_RTueBNokzxUfMA;RCPT-EU-100117;Lukas Fischer;Cologne;Paid;Card;EUR;3.88;EUR;3.88
INV-EU-2026-4118;15.08.2026;order_KTUkS5S9FwdpCe;RCPT-EU-100118;Emilia de Vries;Antwerp;Paid;Card;CHF;4.15;EUR;4.23
INV-EU-2026-4119;17.08.2026;order_HcIdKkkRoxnVG2;RCPT-EU-100119;Ida Müller;Cologne;Paid;Ideal;EUR;9.27;EUR;9.27
INV-EU-2026-4120;18.08.2026;order_dGjImMkiilfA9N;RCPT-EU-100120;Paul Rossi;Hamburg;Paid;Wallet;EUR;3.76;EUR;3.76
INV-EU-2026-4121;22.08.2026;order_Ae1I6WFPSp2uix;RCPT-EU-100121;Sanne Müller;Cologne;Paid;Sepa;EUR;18.86;EUR;18.86
INV-EU-2026-4122;15.08.2026;order_WBFUOXHTyIDlr1;RCPT-EU-100122;Noah Schneider;Hamburg;Paid;Wallet;EUR;24.81;EUR;24.81
INV-EU-2026-4123;01.08.2026;order_CcfWFeGy9Q7zE6;RCPT-EU-100123;Noah de Vries;Munich;Paid;Sepa;EUR;5.90;EUR;5.90
INV-EU-2026-4124;11.08.2026;order_S6SzaZ8Em20aEa;RCPT-EU-100124;Noah Jansen;Amsterdam;Paid;Ideal;EUR;12.00;EUR;12.00
INV-EU-2026-4125;25.08.2026;order_ASwTKHPBzemBu4;RCPT-EU-100125;Emilia Müller;Frankfurt;Paid;Card;EUR;11.73;EUR;11.73
INV-EU-2026-4126;18.08.2026;order_1w0nimj64DmeIY;RCPT-EU-100126;Bram Schmidt;Milan;Paid;Card;EUR;6.65;EUR;6.65
INV-EU-2026-4127;14.08.2026;order_cePVKGl4Y7dHzc;RCPT-EU-100127;Noah Wagner;Frankfurt;Paid;Card;EUR;16.17;EUR;16.17
INV-EU-2026-4128;17.08.2026;order_STpBIF7Nu818Cq;RCPT-EU-100128;Mila Schmidt;Munich;Paid;Sepa;EUR;41.12;EUR;41.12
INV-EU-2026-4129;09.08.2026;order_voIJQ8NLOv9H8C;RCPT-EU-100129;Jonas Novak;Milan;Paid;Card;EUR;3.72;EUR;3.72
INV-EU-2026-4130;02.08.2026;order_Zd8NJccr0jtGKA;RCPT-EU-100130;Elias Fischer;Frankfurt;Paid;Card;EUR;20.23;EUR;20.23
INV-EU-2026-4131;23.08.2026;order_j6DqdmfzE9600d;RCPT-EU-100131;Lena Meyer;Berlin;Paid;Card;EUR;10.03;EUR;10.03
INV-EU-2026-4132;13.08.2026;order_gbWzCVnrMkhTOU;RCPT-EU-100132;Hanna Wagner;Milan;Paid;Sepa;EUR;9.38;EUR;9.38
INV-EU-2026-4133;16.08.2026;order_3TvYDWIPvG11ix;RCPT-EU-100133;Sophie Bakker;Cologne;Paid;Sepa;EUR;6.38;EUR;6.38
INV-EU-2026-4134;05.08.2026;order_4v6tQ50WFmlzEe;RCPT-EU-100134;Lukas Andersen;Hamburg;Paid;Card;EUR;16.06;EUR;16.06
INV-EU-2026-4135;22.08.2026;order_4SWFxZXNM6AG9F;RCPT-EU-100135;Bram Müller;Cologne;Paid;Sepa;EUR;6.68;EUR;6.68
INV-EU-2026-4136;02.08.2026;order_0MibGdBWmn3gDP;RCPT-EU-100136;Finn Fischer;Rotterdam;Paid;Card;EUR;13.87;EUR;13.87
INV-EU-2026-4137;16.08.2026;order_F3WCN8bPn2qOGW;RCPT-EU-100137;Marie Schneider;Cologne;Paid;Wallet;EUR;7.23;EUR;7.23
INV-EU-2026-4138;24.08.2026;order_He2SOjFgsWa3Dh;RCPT-EU-100138;Sanne Novak;Frankfurt;Paid;Ideal;EUR;7.56;EUR;7.56
INV-EU-2026-4139;08.08.2026;order_9pAISIBmQp5z0m;RCPT-EU-100139;Hanna Jansen;Hamburg;Paid;Sepa;EUR;16.32;EUR;16.32
INV-EU-2026-4140;17.08.2026;order_wdecISRbx39SwM;RCPT-EU-100140;Luca Weber;Dublin;Paid;Ideal;EUR;4.01;EUR;4.01
INV-EU-2026-4141;22.08.2026;order_yD8yHkna0JrduE;RCPT-EU-100141;Sophie Schneider;Munich;Paid;Card;SEK;23.19;EUR;2.00
INV-EU-2026-4142;20.08.2026;order_NjWa27gNeNNBaB;RCPT-EU-100142;Lukas Meyer;Dublin;Paid;Card;EUR;15.94;EUR;15.94
INV-EU-2026-4143;11.08.2026;order_rN5jWK9jlBQypC;RCPT-EU-100143;Sophie Andersen;Berlin;Paid;Sepa;EUR;1.48;EUR;1.48
INV-EU-2026-4144;08.08.2026;order_lnUGYmkSPpZ3Ku;RCPT-EU-100144;Lena Schmidt;Frankfurt;Paid;Card;EUR;17.04;EUR;17.04
INV-EU-2026-4145;18.08.2026;order_G87SBkZh7deL9y;RCPT-EU-100145;Mila Rossi;Rotterdam;Paid;Ideal;EUR;20.85;EUR;20.85
INV-EU-2026-4146;01.08.2026;order_7TnRjwxNSTXwbf;RCPT-EU-100146;Elias de Vries;Cologne;Paid;Card;EUR;12.60;EUR;12.60
INV-EU-2026-4148;06.08.2026;order_cS3yHnie0jAykm;RCPT-EU-100148;Noah de Vries;Antwerp;Paid;Card;EUR;8.25;EUR;8.25
INV-EU-2026-4148-DUP;06.08.2026;order_cS3yHnie0jAykm;RCPT-EU-100148;Noah de Vries;Antwerp;Paid;Card;EUR;8.25;EUR;8.25
INV-EU-2026-4149;19.08.2026;order_noeoy7zLPnritV;RCPT-EU-100149;Ida Novak;Frankfurt;Paid;Sepa;EUR;14.13;EUR;14.13
INV-EU-2026-4151;22.08.2026;order_7beOMKfwzfROlD;RCPT-EU-100151;Emilia Meyer;Antwerp;Paid;Card;EUR;51.01;EUR;51.01
INV-EU-2026-4152;04.08.2026;order_CHFCiBM5QyxlcU;RCPT-EU-100152;Mila Jansen;Milan;Paid;Sepa;EUR;2.34;EUR;2.34
INV-EU-2026-4153;23.08.2026;order_60u8rcQxAfZQHZ;RCPT-EU-100153;Noah Schmidt;Antwerp;Paid;Card;EUR;3.69;EUR;3.69
INV-EU-2026-4154;13.08.2026;order_XjtGffmQwTb8me;RCPT-EU-100154;Sophie Wagner;Amsterdam;Paid;Card;EUR;4.61;EUR;4.61
INV-EU-2026-4155;24.08.2026;order_xgxzOdgBzkmLhh;RCPT-EU-100155;Jonas Andersen;Amsterdam;Paid;Wallet;EUR;30.67;EUR;30.67
INV-EU-2026-4156;20.08.2026;order_EqSPonJjbmWb5P;RCPT-EU-100156;Noah Jansen;Vienna;Paid;Card;EUR;3.29;EUR;3.29
INV-EU-2026-4157;03.08.2026;order_N1RaOjzhbXRAzR;RCPT-EU-100157;Elias Schmidt;Munich;Paid;Sepa;EUR;4.76;EUR;4.76
INV-EU-2026-4158;09.08.2026;order_OfV0vSqq7JcQxD;RCPT-EU-100158;Ida Jansen;Frankfurt;Paid;Sepa;EUR;21.61;EUR;21.61
INV-EU-2026-4159;19.08.2026;order_whoI2mjRQlePdC;RCPT-EU-100159;Ida Schneider;Milan;Paid;Wallet;EUR;35.84;EUR;35.84
INV-EU-2026-4160;04.08.2026;order_8brZLFuHJTYXYP;RCPT-EU-100160;Lena Fischer;Hamburg;Paid;Sepa;EUR;2.22;EUR;2.22
INV-EU-2026-4161;22.08.2026;order_ldEBXkUZnXAwfE;RCPT-EU-100161;Marie Rossi;Munich;Paid;Card;INR;968.32;EUR;10.64
INV-EU-2026-4162;05.08.2026;order_86F0Vouxf0str2;RCPT-EU-100162;Paul Weber;Amsterdam;Paid;Card;EUR;13.21;EUR;13.21
INV-EU-2026-4163;10.08.2026;order_ggshTXSBs0CYM0;RCPT-EU-100163;Jonas Jansen;Rotterdam;Paid;Card;EUR;17.50;EUR;17.50
INV-EU-2026-4164;18.08.2026;order_wSVZdAXDsCY9y4;RCPT-EU-100164;Ida Andersen;Dublin;Paid;Card;USD;14.03;EUR;12.87
INV-EU-2026-4165;04.08.2026;order_nVugxg9vYYZwwc;RCPT-EU-100165;Luca de Vries;Milan;Paid;Card;EUR;20.17;EUR;20.17
INV-EU-2026-4166;03.08.2026;order_h9C2nt1Yp8Le8G;RCPT-EU-100166;Sanne Fischer;Hamburg;Paid;Sepa;EUR;20.60;EUR;20.60
INV-EU-2026-4167;16.08.2026;order_svzT9ESuFvrmDH;RCPT-EU-100167;Marie Andersen;Lisbon;Paid;Card;USD;14.30;EUR;13.12
INV-EU-2026-4168;21.08.2026;order_zNYweA1L7U91Cv;RCPT-EU-100168;Mila Andersen;Cologne;Paid;Wallet;EUR;2.61;EUR;2.61
INV-EU-2026-4169;03.08.2026;order_cLoyVlc8IRc5f4;RCPT-EU-100169;Sanne Bakker;Lisbon;Paid;Card;EUR;4.70;EUR;4.70
INV-EU-2026-4170;24.08.2026;order_Iy1EpR9dBTe03N;RCPT-EU-100170;Ida Müller;Amsterdam;Paid;Card;EUR;4.47;EUR;4.47
INV-EU-2026-4171;05.08.2026;order_hn6wTyUWARWoII;RCPT-EU-100171;Bram Meyer;Vienna;Paid;Card;EUR;1.05;EUR;1.05
INV-EU-2026-4172;02.08.2026;order_GrnFoFvFdyK8o6;RCPT-EU-100172;Hanna Andersen;Munich;Paid;Card;EUR;3.45;EUR;3.45
INV-EU-2026-4173;07.08.2026;order_HEGe7aOPmklNZJ;RCPT-EU-100173;Elias de Vries;Milan;Paid;Sepa;EUR;4.96;EUR;4.96
INV-EU-2026-4174;01.08.2026;order_IZgsilNflxTZs6;RCPT-EU-100174;Sanne Schneider;Hamburg;Paid;Ideal;EUR;15.47;EUR;15.47
INV-EU-2026-4175;21.08.2026;order_QooJkOAmMPmBis;RCPT-EU-100175;Finn Andersen;Rotterdam;Paid;Sepa;EUR;10.79;EUR;10.79
INV-EU-2026-4176;18.08.2026;order_9gnlAbYbXLTxE1;RCPT-EU-100176;Lukas Müller;Cologne;Paid;Sepa;EUR;4.23;EUR;4.23
INV-EU-2026-4177;11.08.2026;order_L0abHStBQefyzC;RCPT-EU-100177;Sophie Novak;Vienna;Paid;Wallet;EUR;6.06;EUR;6.06
INV-EU-2026-4178;24.08.2026;order_AUNLnzZfrueWH7;RCPT-EU-100178;Sanne Bakker;Dublin;Paid;Card;EUR;14.58;EUR;14.58
INV-EU-2026-4179;21.08.2026;order_7xOmf54KuOl45q;RCPT-EU-100179;Jonas Schmidt;Berlin;Paid;Wallet;EUR;1.35;EUR;1.35
INV-EU-2026-4180;20.08.2026;order_SQrknUXJDFYrd0;RCPT-EU-100180;Lena Schmidt;Antwerp;Paid;Card;EUR;6.27;EUR;6.27
INV-EU-2026-4181;03.08.2026;order_82JiMdCyPkSqiD;RCPT-EU-100181;Jonas Bakker;Vienna;Paid;Ideal;EUR;11.32;EUR;11.32
INV-EU-2026-4182;03.08.2026;order_wm2n16J9rIOcNF;RCPT-EU-100182;Lena Rossi;Berlin;Paid;Card;EUR;18.72;EUR;18.72
INV-EU-2026-4183;19.08.2026;order_p27ZVwWgNPvyXC;RCPT-EU-100183;Ida Jansen;Lisbon;Paid;Card;EUR;4.61;EUR;4.61
INV-EU-2026-4184;08.08.2026;order_CNP2QrLw1Jr64A;RCPT-EU-100184;Finn Müller;Vienna;Paid;Sepa;EUR;7.13;EUR;7.13
INV-EU-2026-4185;13.08.2026;order_3kNaUDLm2VHTcU;RCPT-EU-100185;Mila Schmidt;Hamburg;Paid;Ideal;EUR;16.67;EUR;16.67
INV-EU-2026-4186;24.08.2026;order_C5Nq9yrvTqqB7r;RCPT-EU-100186;Jonas de Vries;Milan;Paid;Card;EUR;2.27;EUR;2.27
INV-EU-2026-4187;13.08.2026;order_x3S5Gab9lnIgY0;RCPT-EU-100187;Luca Novak;Antwerp;Paid;Card;EUR;3.82;EUR;3.82
INV-EU-2026-4188;16.08.2026;order_F5TxQtxVkc90yF;RCPT-EU-100188;Ida Novak;Frankfurt;Paid;Sepa;EUR;3.56;EUR;3.56
INV-EU-2026-4189;11.08.2026;order_uZv9FuaDfwG65J;RCPT-EU-100189;Mila Schmidt;Berlin;Paid;Ideal;EUR;5.31;EUR;5.31
INV-EU-2026-4190;11.08.2026;order_OdyyUzVFbtSgw3;RCPT-EU-100190;Marie Novak;Vienna;Paid;Sepa;EUR;4.80;EUR;4.80
INV-EU-2026-4191;08.08.2026;order_1NjnOGGE6ns4dx;RCPT-EU-100191;Luca Bakker;Frankfurt;Paid;Sepa;EUR;8.96;EUR;8.96
INV-EU-2026-4192;21.08.2026;order_z3SPuXm9pBBsXC;RCPT-EU-100192;Paul Weber;Antwerp;Paid;Sepa;EUR;7.52;EUR;7.52
INV-EU-2026-4193;19.08.2026;order_ymqMvZNxgCBzhz;RCPT-EU-100193;Lena Novak;Cologne;Paid;Card;EUR;7.23;EUR;7.23
INV-EU-2026-4194;08.08.2026;order_bwk7ckCBOcp3vt;RCPT-EU-100194;Mila Andersen;Milan;Paid;Card;EUR;43.41;EUR;43.41
INV-EU-2026-4195;01.08.2026;order_yS3ZjyvvaE3ihe;RCPT-EU-100195;Emilia Müller;Milan;Paid;Card;USD;5.44;EUR;4.99
INV-EU-2026-4196;08.08.2026;order_bsijb6FcpazO72;RCPT-EU-100196;Marie Müller;Berlin;Paid;Ideal;EUR;7.49;EUR;7.49
INV-EU-2026-4198;14.08.2026;order_9ds5XKvYgv8kg5;RCPT-EU-100198;Lena Müller;Rotterdam;Paid;Card;EUR;3.02;EUR;3.02
INV-EU-2026-4199;16.08.2026;order_ViFKVLtroh4a1f;RCPT-EU-100199;Marie Fischer;Cologne;Paid;Card;EUR;53.85;EUR;53.85
INV-EU-2026-4200;19.08.2026;order_A3iigkBSdfUjkI;RCPT-EU-100200;Sanne Müller;Vienna;Paid;Sepa;EUR;2.39;EUR;2.39
INV-EU-2026-4201;21.08.2026;order_6KEcU1UjMz6iUl;RCPT-EU-100201;Bram Meyer;Antwerp;Paid;Card;EUR;5.71;EUR;5.71
INV-EU-2026-4202;14.08.2026;order_GKjTzQJRdkw3Xp;RCPT-EU-100202;Emilia Wagner;Frankfurt;Paid;Wallet;EUR;4.22;EUR;4.22
INV-EU-2026-4203;21.08.2026;order_yiQi9gLnex8uYt;RCPT-EU-100203;Sophie Jansen;Munich;Paid;Card;EUR;10.92;EUR;10.92
INV-EU-2026-4204;09.08.2026;order_DiPUO81co1wB2P;RCPT-EU-100204;Mila Müller;Vienna;Paid;Sepa;EUR;11.91;EUR;11.91
INV-EU-2026-4205;12.08.2026;order_GNp88HYT0a6aLN;RCPT-EU-100205;Marie Bakker;Hamburg;Paid;Ideal;EUR;15.67;EUR;15.67
INV-EU-2026-4206;03.08.2026;order_gY3sM1Cfw2RwJa;RCPT-EU-100206;Sanne Müller;Amsterdam;Paid;Card;EUR;6.04;EUR;6.04
INV-EU-2026-4207;18.08.2026;order_uU5bRgHwivQUSY;RCPT-EU-100207;Bram Bakker;Cologne;Paid;Card;EUR;1.55;EUR;1.55
INV-EU-2026-4208;13.08.2026;order_Tj5qofsukrNekR;RCPT-EU-100208;Hanna Andersen;Rotterdam;Paid;Card;USD;6.56;EUR;6.02
INV-EU-2026-4209;25.08.2026;order_x6fmuvvd24Vx4g;RCPT-EU-100209;Jonas Schneider;Antwerp;Paid;Card;EUR;6.19;EUR;6.19
INV-EU-2026-4210;01.08.2026;order_c5QwEQXrBzqYGl;RCPT-EU-100210;Hanna Weber;Milan;Paid;Card;EUR;1.65;EUR;1.65
INV-EU-2026-4211;12.08.2026;order_7haGZpilzhnxzm;RCPT-EU-100211;Lukas Wagner;Milan;Paid;Card;EUR;8.64;EUR;8.64
INV-EU-2026-4212;04.08.2026;order_Av5k4DtGAm8iQM;RCPT-EU-100212;Elias de Vries;Munich;Paid;Wallet;EUR;2.25;EUR;2.25
INV-EU-2026-4213;22.08.2026;order_LciCcnHK6HVjnl;RCPT-EU-100213;Noah Rossi;Hamburg;Paid;Card;EUR;4.45;EUR;4.45
INV-EU-2026-4214;16.08.2026;order_mNaB0bYD4pCzcG;RCPT-EU-100214;Elias Bakker;Vienna;Paid;Card;SEK;39.99;EUR;3.45
INV-EU-2026-4215;01.08.2026;order_2QMbQ6ucS05igW;RCPT-EU-100215;Mila Rossi;Frankfurt;Paid;Ideal;EUR;14.89;EUR;14.89
INV-EU-2026-4216;16.08.2026;order_CxUeUHAhawlK6d;RCPT-EU-100216;Noah Bakker;Vienna;Paid;Sepa;EUR;14.55;EUR;14.55
INV-EU-2026-4217;19.08.2026;order_KLJJ18Bzh7Z66o;RCPT-EU-100217;Jonas Schmidt;Cologne;Paid;Sepa;EUR;7.03;EUR;7.03
INV-EU-2026-4218;23.08.2026;order_XB4y64812urPH0;RCPT-EU-100218;Emilia Novak;Vienna;Paid;Sepa;EUR;14.77;EUR;14.77
INV-EU-2026-4219;22.08.2026;order_PNXnUvN4whANil;RCPT-EU-100219;Sophie Rossi;Milan;Paid;Card;EUR;9.77;EUR;9.77
INV-EU-2026-4220;20.08.2026;order_Yc18mUzhjgjW13;RCPT-EU-100220;Sophie Andersen;Milan;Paid;Card;INR;583.97;EUR;6.42
INV-EU-2026-4221;03.08.2026;order_bcoXVfDLzvO7Po;RCPT-EU-100221;Lukas Meyer;Antwerp;Paid;Card;EUR;2.87;EUR;2.87
INV-EU-2026-4222;13.08.2026;order_XQeEyJLnglCvf4;RCPT-EU-100222;Bram Rossi;Amsterdam;Paid;Card;EUR;4.89;EUR;4.89
INV-EU-2026-4223;13.08.2026;order_IORo6oME0zRkyV;RCPT-EU-100223;Lena Rossi;Cologne;Paid;Ideal;EUR;1.46;EUR;1.46
INV-EU-2026-4224;07.08.2026;order_nuJBLCJTv5pySl;RCPT-EU-100224;Paul Weber;Rotterdam;Paid;Card;CHF;11.81;EUR;12.03
INV-EU-2026-4225;06.08.2026;order_CMki5IGwEB4r71;RCPT-EU-100225;Jonas Wagner;Antwerp;Paid;Card;EUR;14.45;EUR;14.45
INV-EU-2026-4226;09.08.2026;order_UrgWu6GjGf7wFj;RCPT-EU-100226;Emilia Meyer;Lisbon;Paid;Sepa;EUR;8.15;EUR;8.15
INV-EU-2026-4227;05.08.2026;order_fx63wdqkCpZPIC;RCPT-EU-100227;Lukas Rossi;Lisbon;Paid;Sepa;EUR;10.10;EUR;10.10
INV-EU-2026-4228;09.08.2026;order_9s92o1FxhR3R2E;RCPT-EU-100228;Luca Novak;Amsterdam;Paid;Card;EUR;24.46;EUR;24.46
INV-EU-2026-4229;14.08.2026;order_EbUOUuGc9TQVJT;RCPT-EU-100229;Sanne Novak;Cologne;Paid;Card;EUR;6.70;EUR;6.70
INV-EU-2026-4230;08.08.2026;order_LPnNrLZsRctsBS;RCPT-EU-100230;Sophie Rossi;Lisbon;Paid;Card;EUR;3.94;EUR;3.94
INV-EU-2026-4231;01.08.2026;order_cpIpuA1KtwXtAd;RCPT-EU-100231;Jonas Novak;Berlin;Paid;Sepa;EUR;6.62;EUR;6.62
INV-EU-2026-4232;11.08.2026;order_UCyUOdzrx3odE5;RCPT-EU-100232;Elias Andersen;Vienna;Paid;Card;EUR;9.83;EUR;9.83
INV-EU-2026-4233;05.08.2026;order_Mby1DrLnsOF21e;RCPT-EU-100233;Lena Fischer;Dublin;Paid;Card;EUR;7.15;EUR;7.15
INV-EU-2026-4234;07.08.2026;order_oLVdyOCBw0KX31;RCPT-EU-100234;Sophie Schneider;Amsterdam;Paid;Card;EUR;7.50;EUR;7.50
INV-EU-2026-4234-DUP;07.08.2026;order_oLVdyOCBw0KX31;RCPT-EU-100234;Sophie Schneider;Amsterdam;Paid;Card;EUR;7.50;EUR;7.50
INV-EU-2026-4235;07.08.2026;order_9Idze5JuPjLeRC;RCPT-EU-100235;Luca Weber;Antwerp;Paid;Ideal;EUR;4.41;EUR;4.41
INV-EU-2026-4236;03.08.2026;order_ESLRzeMa5GfI4D;RCPT-EU-100236;Finn Novak;Dublin;Paid;Card;USD;38.98;EUR;35.76
INV-EU-2026-4237;10.08.2026;order_QIWAg5Thg3BwYE;RCPT-EU-100237;Bram Meyer;Antwerp;Paid;Ideal;EUR;39.49;EUR;39.49
INV-EU-2026-4238;20.08.2026;order_1LsviFcGz8eI8w;RCPT-EU-100238;Lena Schneider;Antwerp;Paid;Ideal;EUR;3.91;EUR;3.91
INV-EU-2026-4239;06.08.2026;order_AXexsYuV0zOg74;RCPT-EU-100239;Marie Fischer;Amsterdam;Paid;Ideal;EUR;9.21;EUR;9.21
INV-EU-2026-4240;07.08.2026;order_475ZDqEAg8onFE;RCPT-EU-100240;Noah Bakker;Antwerp;Paid;Card;EUR;5.79;EUR;5.79
INV-EU-2026-4241;15.08.2026;order_Ma1D5FIjCPAOhz;RCPT-EU-100241;Luca Novak;Munich;Paid;Card;EUR;14.00;EUR;14.00
INV-EU-2026-4242;01.08.2026;order_1dUMWeatMRUtl3;RCPT-EU-100242;Hanna Meyer;Frankfurt;Paid;Ideal;EUR;3.75;EUR;3.75
INV-EU-2026-4243;16.08.2026;order_jEqUk9QNYYBXba;RCPT-EU-100243;Jonas Schmidt;Cologne;Paid;Card;EUR;5.79;EUR;5.79
INV-EU-2026-4244;10.08.2026;order_MAqqa4Vr2qZi3u;RCPT-EU-100244;Bram Rossi;Lisbon;Paid;Card;EUR;0.56;EUR;0.56
INV-EU-2026-4245;15.08.2026;order_bTgWtq1B0gtpPs;RCPT-EU-100245;Sophie Schmidt;Hamburg;Paid;Wallet;CHF;24.74;EUR;25.19
INV-EU-2026-4246;03.08.2026;order_TNQPf2l4yAZqWP;RCPT-EU-100246;Mila Müller;Cologne;Paid;Card;EUR;12.79;EUR;12.79
INV-EU-2026-4247;22.08.2026;order_DP5kpq0NxxKVUD;RCPT-EU-100247;Bram de Vries;Amsterdam;Paid;Card;INR;1205.07;EUR;13.24
INV-EU-2026-4248;09.08.2026;order_ANijCQkdVP6NMs;RCPT-EU-100248;Jonas Jansen;Rotterdam;Paid;Card;EUR;8.20;EUR;8.20
INV-EU-2026-4249;10.08.2026;order_3jNsMj9Ej1yhzC;RCPT-EU-100249;Ida Rossi;Cologne;Paid;Card;USD;7.02;EUR;6.44
INV-EU-2026-4250;25.08.2026;order_0qqXTSG9rivrp2;RCPT-EU-100250;Lukas Weber;Dublin;Paid;Wallet;CHF;7.50;EUR;7.64
INV-EU-2026-4251;06.08.2026;order_K086E57F9K0z0L;RCPT-EU-100251;Bram Andersen;Munich;Paid;Ideal;EUR;9.02;EUR;9.02
INV-EU-2026-4252;13.08.2026;order_k8hTaaAni8qe43;RCPT-EU-100252;Emilia Weber;Dublin;Paid;Ideal;EUR;14.64;EUR;14.64
INV-EU-2026-4253;18.08.2026;order_HYpzT7d47tLAeJ;RCPT-EU-100253;Jonas Wagner;Munich;Paid;Card;EUR;1.62;EUR;1.62
INV-EU-2026-4254;20.08.2026;order_MfA63LdVzmRYLY;RCPT-EU-100254;Noah Novak;Antwerp;Paid;Sepa;EUR;10.76;EUR;10.76
INV-EU-2026-4255;16.08.2026;order_RFYlqs1WLidZYJ;RCPT-EU-100255;Bram de Vries;Lisbon;Paid;Sepa;EUR;7.01;EUR;7.01
INV-EU-2026-4255-DUP;16.08.2026;order_RFYlqs1WLidZYJ;RCPT-EU-100255;Bram de Vries;Lisbon;Paid;Sepa;EUR;7.01;EUR;7.01
INV-EU-2026-4256;22.08.2026;order_odye5g08LbkCMd;RCPT-EU-100256;Finn Bakker;Antwerp;Paid;Card;EUR;6.46;EUR;6.46
INV-EU-2026-4257;12.08.2026;order_dHRG8aQF07PQMX;RCPT-EU-100257;Paul Andersen;Amsterdam;Paid;Wallet;EUR;9.54;EUR;9.54
INV-EU-2026-4258;12.08.2026;order_QIioQeBOHEyacG;RCPT-EU-100258;Luca Jansen;Amsterdam;Paid;Wallet;EUR;5.59;EUR;5.59
INV-EU-2026-4259;11.08.2026;order_i1wSRnykUwgLJb;RCPT-EU-100259;Finn Müller;Berlin;Paid;Sepa;EUR;6.31;EUR;6.31
INV-EU-2026-4260;18.08.2026;order_KjlppTr5SqM7Q2;RCPT-EU-100260;Mila Schneider;Milan;Paid;Card;EUR;19.91;EUR;19.91
INV-EU-2026-4261;15.08.2026;order_kkDv1yBNkcfFxq;RCPT-EU-100261;Luca Müller;Amsterdam;Paid;Card;EUR;5.51;EUR;5.51
INV-EU-2026-4262;01.08.2026;order_kNJgF0dOhoZS8W;RCPT-EU-100262;Paul Wagner;Cologne;Paid;Sepa;EUR;23.00;EUR;23.00
INV-EU-2026-4263;03.08.2026;order_Gwi9x2UCdyy1ya;RCPT-EU-100263;Bram Jansen;Vienna;Paid;Card;CHF;6.94;EUR;7.07
INV-EU-2026-4264;13.08.2026;order_5fgq6AHA1lw9xT;RCPT-EU-100264;Sophie Bakker;Milan;Paid;Card;EUR;10.41;EUR;10.41
INV-EU-2026-4266;12.08.2026;order_cLyC2lR5N8RMgF;RCPT-EU-100266;Luca Schneider;Frankfurt;Paid;Card;EUR;5.20;EUR;5.20
INV-EU-2026-4267;05.08.2026;order_CYyQA1gKWkyxWg;RCPT-EU-100267;Paul Andersen;Amsterdam;Paid;Card;EUR;9.53;EUR;9.53
INV-EU-2026-4268;04.08.2026;order_5xKrINY9pcv07b;RCPT-EU-100268;Hanna Bakker;Antwerp;Paid;Card;EUR;8.01;EUR;8.01
INV-EU-2026-4269;15.08.2026;order_UxwyaXN68MwXwe;RCPT-EU-100269;Elias Weber;Lisbon;Paid;Card;SEK;464.77;EUR;40.08
INV-EU-2026-4270;15.08.2026;order_dP1kPARDJ5Y0rB;RCPT-EU-100270;Noah Weber;Hamburg;Paid;Card;EUR;5.35;EUR;5.35
INV-EU-2026-4271;18.08.2026;order_S21lMVJBzIsNMI;RCPT-EU-100271;Emilia Wagner;Amsterdam;Paid;Card;GBP;4.99;EUR;5.81
INV-EU-2026-4272;06.08.2026;order_nll99T25gwqcGv;RCPT-EU-100272;Paul Bakker;Dublin;Paid;Card;EUR;12.16;EUR;12.16
INV-EU-2026-4273;07.08.2026;order_wWJZN1IMhUNP70;RCPT-EU-100273;Hanna Bakker;Munich;Paid;Sepa;EUR;12.76;EUR;12.76
INV-EU-2026-4274;23.08.2026;order_XkRXG2eYiwyWFB;RCPT-EU-100274;Hanna de Vries;Berlin;Paid;Card;EUR;5.76;EUR;5.76
INV-EU-2026-4275;01.08.2026;order_jrnVuu0bhJx6eN;RCPT-EU-100275;Elias Andersen;Frankfurt;Paid;Card;EUR;10.94;EUR;10.94
INV-EU-2026-4276;12.08.2026;order_HpyIvNLgjIAYpT;RCPT-EU-100276;Elias Rossi;Cologne;Paid;Card;EUR;5.48;EUR;5.48
INV-EU-2026-4277;17.08.2026;order_x1tcsTJ1WyvVNs;RCPT-EU-100277;Emilia Fischer;Amsterdam;Paid;Card;EUR;10.39;EUR;10.39
INV-EU-2026-4278;25.08.2026;order_FxM7KB4qFiwrx4;RCPT-EU-100278;Lena Andersen;Lisbon;Paid;Card;GBP;10.68;EUR;12.44
INV-EU-2026-4279;24.08.2026;order_4GFq0IrRrUwEOs;RCPT-EU-100279;Sanne Wagner;Antwerp;Paid;Card;EUR;8.83;EUR;8.83
INV-EU-2026-4280;09.08.2026;order_U44HbKEDqsafH9;RCPT-EU-100280;Finn Novak;Amsterdam;Paid;Sepa;EUR;13.34;EUR;13.34
INV-EU-2026-4281;08.08.2026;order_htSuoqcND7qyP9;RCPT-EU-100281;Finn Schmidt;Amsterdam;Paid;Wallet;EUR;0.88;EUR;0.88
INV-EU-2026-4282;04.08.2026;order_leniRNRDvKcgJx;RCPT-EU-100282;Sanne Rossi;Frankfurt;Paid;Card;SEK;100.34;EUR;8.65
INV-EU-2026-4283;22.08.2026;order_YfdtXILslKuzWm;RCPT-EU-100283;Elias Müller;Antwerp;Paid;Sepa;EUR;4.23;EUR;4.23
INV-EU-2026-4284;20.08.2026;order_Qul7M6uHwqk79F;RCPT-EU-100284;Lukas Schneider;Hamburg;Paid;Sepa;EUR;4.28;EUR;4.28
INV-EU-2026-4285;10.08.2026;order_ntvybouROBTO3j;RCPT-EU-100285;Lukas Rossi;Antwerp;Paid;Card;USD;7.69;EUR;7.06
INV-EU-2026-4286;09.08.2026;order_7Ctq2C12BJokPN;RCPT-EU-100286;Lena Bakker;Hamburg;Paid;Card;INR;333.30;EUR;3.66
INV-EU-2026-4287;20.08.2026;order_WOnDCqY0FQoMNb;RCPT-EU-100287;Mila Andersen;Lisbon;Paid;Sepa;EUR;5.18;EUR;5.18
INV-EU-2026-4288;09.08.2026;order_1zphUIve7wjdnu;RCPT-EU-100288;Bram Jansen;Munich;Paid;Sepa;EUR;6.04;EUR;6.04
INV-EU-2026-4289;01.08.2026;order_eLOW6RT9zGegOF;RCPT-EU-100289;Lena Wagner;Munich;Paid;Card;EUR;13.45;EUR;13.45
INV-EU-2026-4290;20.08.2026;order_ItbQ6WrQGpwozc;RCPT-EU-100290;Lena Wagner;Vienna;Paid;Sepa;EUR;3.92;EUR;3.92
INV-EU-2026-4291;19.08.2026;order_yXamnB9KahHXYs;RCPT-EU-100291;Sophie Rossi;Cologne;Paid;Card;EUR;6.43;EUR;6.43
INV-EU-2026-4292;07.08.2026;order_frHXNVdAEy5w1Z;RCPT-EU-100292;Lena Novak;Lisbon;Paid;Card;CHF;2.36;EUR;2.40
INV-EU-2026-4293;24.08.2026;order_jXgWHaogFH4h1E;RCPT-EU-100293;Lukas Andersen;Vienna;Paid;Card;EUR;7.54;EUR;7.54
INV-EU-2026-4294;24.08.2026;order_IwiROLkFUrt0mK;RCPT-EU-100294;Noah Bakker;Munich;Paid;Ideal;EUR;2.44;EUR;2.44
INV-EU-2026-4295;12.08.2026;order_kWAphS4bfi5aYs;RCPT-EU-100295;Sophie Novak;Vienna;Paid;Card;EUR;14.32;EUR;14.32
INV-EU-2026-4296;08.08.2026;order_Q0MdkfRy4kPHqY;RCPT-EU-100296;Marie Wagner;Berlin;Paid;Card;EUR;3.57;EUR;3.57
INV-EU-2026-4297;05.08.2026;order_8ZOJgyVh1wOexP;RCPT-EU-100297;Luca Wagner;Vienna;Paid;Card;EUR;7.46;EUR;7.46
INV-EU-2026-4298;21.08.2026;order_ZhOM8I3KNjIUjH;RCPT-EU-100298;Noah Fischer;Berlin;Paid;Card;EUR;1.60;EUR;1.60
INV-EU-2026-4299;02.08.2026;order_J4G4oQ65lRkN2F;RCPT-EU-100299;Jonas Meyer;Milan;Paid;Card;EUR;2.57;EUR;2.57
INV-EU-2026-4300;23.08.2026;order_uTNNUgdQh5NNNY;RCPT-EU-100300;Bram Novak;Amsterdam;Paid;Card;EUR;25.41;EUR;25.41
INV-EU-2026-4301;24.08.2026;order_834zY2Ahnvk9SN;RCPT-EU-100301;Mila Rossi;Milan;Paid;Card;EUR;12.92;EUR;12.92
INV-EU-2026-4302;23.08.2026;order_euJLy7VZWPFCRz;RCPT-EU-100302;Luca Fischer;Vienna;Paid;Wallet;EUR;16.95;EUR;16.95
INV-EU-2026-4303;24.08.2026;order_cC0mJlGqncKc2d;RCPT-EU-100303;Sophie Schmidt;Rotterdam;Paid;Sepa;EUR;19.37;EUR;19.37
INV-EU-2026-4304;03.08.2026;order_IxgOyJfJuvlzxQ;RCPT-EU-100304;Luca de Vries;Antwerp;Paid;Sepa;EUR;1.43;EUR;1.43
INV-EU-2026-4305;15.08.2026;order_90MSvt23GMk3mA;RCPT-EU-100305;Finn Schmidt;Hamburg;Paid;Ideal;EUR;27.19;EUR;27.19
INV-EU-2026-4306;16.08.2026;order_X10wmquk4PQlMq;RCPT-EU-100306;Sanne de Vries;Munich;Paid;Sepa;EUR;8.40;EUR;8.40
INV-EU-2026-4307;23.08.2026;order_RARZRCg8Wtwm2x;RCPT-EU-100307;Ida Rossi;Berlin;Paid;Card;EUR;28.83;EUR;28.83
INV-EU-2026-4308;04.08.2026;order_WM35nQRlkHS79U;RCPT-EU-100308;Elias Weber;Amsterdam;Paid;Card;EUR;6.03;EUR;6.03
INV-EU-2026-4309;25.08.2026;order_M3zg7oHn7L4bB4;RCPT-EU-100309;Mila Müller;Amsterdam;Paid;Card;EUR;2.04;EUR;2.04
INV-EU-2026-4310;16.08.2026;order_hykNNDciXlzpTt;RCPT-EU-100310;Emilia Müller;Rotterdam;Paid;Card;EUR;4.25;EUR;4.25
INV-EU-2026-4311;09.08.2026;order_X06P5DoXrAn2l9;RCPT-EU-100311;Lena Weber;Munich;Paid;Card;EUR;22.71;EUR;22.71
INV-EU-2026-4312;15.08.2026;order_nau0Bpo0lAE1Y4;RCPT-EU-100312;Ida Weber;Frankfurt;Paid;Sepa;EUR;17.94;EUR;17.94
INV-EU-2026-4313;04.08.2026;order_EkAAg9mLQFZ490;RCPT-EU-100313;Bram Bakker;Vienna;Paid;Sepa;EUR;4.22;EUR;4.22
INV-EU-2026-4314;05.08.2026;order_VLfuAdSa3w3fbh;RCPT-EU-100314;Lukas de Vries;Lisbon;Paid;Wallet;EUR;4.98;EUR;4.98
INV-EU-2026-4315;22.08.2026;order_HXg4SOoz22X2Ur;RCPT-EU-100315;Emilia Schmidt;Munich;Paid;Card;INR;148.54;EUR;1.63
INV-EU-2026-4316;02.08.2026;order_NY0xvNKgLH4oWJ;RCPT-EU-100316;Hanna Bakker;Hamburg;Paid;Card;CHF;10.27;EUR;10.46
INV-EU-2026-4317;08.08.2026;order_OGJerbMQ9twDkS;RCPT-EU-100317;Paul Meyer;Vienna;Paid;Card;EUR;6.35;EUR;6.35
INV-EU-2026-4318;06.08.2026;order_S8Dry4VlvFNrgQ;RCPT-EU-100318;Sophie Bakker;Lisbon;Paid;Card;EUR;33.12;EUR;33.12
INV-EU-2026-4319;03.08.2026;order_TTywmzQxyJ60yA;RCPT-EU-100319;Paul Weber;Hamburg;Paid;Card;EUR;6.75;EUR;6.75
INV-EU-2026-4320;24.08.2026;order_Cdhx34yhBURp26;RCPT-EU-100320;Hanna Bakker;Milan;Paid;Card;EUR;17.87;EUR;17.87
INV-EU-2026-4321;20.08.2026;order_oZuz6AJtt8QxAz;RCPT-EU-100321;Luca Schneider;Amsterdam;Paid;Card;EUR;6.89;EUR;6.89
INV-EU-2026-4322;02.08.2026;order_IzbdniuDFaaVXm;RCPT-EU-100322;Paul Novak;Amsterdam;Paid;Card;EUR;3.97;EUR;3.97
INV-EU-2026-4323;24.08.2026;order_gSM9ExWaFKM8gt;RCPT-EU-100323;Noah Schneider;Milan;Paid;Card;EUR;10.91;EUR;10.91
INV-EU-2026-4324;06.08.2026;order_wi6hafLvEBZtKh;RCPT-EU-100324;Mila de Vries;Dublin;Paid;Card;EUR;21.55;EUR;21.55
INV-EU-2026-4325;03.08.2026;order_D8PEacbR0pHNCC;RCPT-EU-100325;Luca de Vries;Antwerp;Paid;Sepa;EUR;7.24;EUR;7.24
INV-EU-2026-4326;04.08.2026;order_vHmLSVZqQ0kl1S;RCPT-EU-100326;Elias Rossi;Vienna;Paid;Sepa;EUR;5.43;EUR;5.43
INV-EU-2026-4327;03.08.2026;order_N0nGyewcWf5NAo;RCPT-EU-100327;Bram Bakker;Antwerp;Paid;Card;EUR;4.24;EUR;4.24
INV-EU-2026-4327-DUP;03.08.2026;order_N0nGyewcWf5NAo;RCPT-EU-100327;Bram Bakker;Antwerp;Paid;Card;EUR;4.24;EUR;4.24
INV-EU-2026-4328;02.08.2026;order_9Sg7eAK2apWgLn;RCPT-EU-100328;Jonas Fischer;Munich;Paid;Card;EUR;8.27;EUR;8.27
INV-EU-2026-4329;01.08.2026;order_1VG0QFuqzB9mke;RCPT-EU-100329;Ida Jansen;Milan;Paid;Card;EUR;12.44;EUR;12.44
INV-EU-2026-4330;11.08.2026;order_rhWuIZMV9C6iNg;RCPT-EU-100330;Sophie Andersen;Antwerp;Paid;Card;EUR;1.38;EUR;1.38
INV-EU-2026-4331;01.08.2026;order_T9eGCEwZzVkLhX;RCPT-EU-100331;Elias Wagner;Vienna;Paid;Card;EUR;5.24;EUR;5.24
INV-EU-2026-4332;15.08.2026;order_rFg2HYISPeZYiK;RCPT-EU-100332;Finn Weber;Antwerp;Paid;Card;EUR;8.99;EUR;8.99
INV-EU-2026-4333;17.08.2026;order_5n6gHhNUv30dR6;RCPT-EU-100333;Mila Novak;Cologne;Paid;Card;EUR;2.99;EUR;2.99
INV-EU-2026-4334;09.08.2026;order_JubilxGSUYVqGD;RCPT-EU-100334;Luca Andersen;Berlin;Paid;Card;EUR;3.98;EUR;3.98
INV-EU-2026-4335;14.08.2026;order_UPcjBS0gAFI655;RCPT-EU-100335;Ida Novak;Berlin;Paid;Card;GBP;6.26;EUR;7.29
INV-EU-2026-4336;20.08.2026;order_pLaD2WVQ5ENE2L;RCPT-EU-100336;Noah Wagner;Frankfurt;Paid;Card;EUR;23.72;EUR;23.72
INV-EU-2026-4337;08.08.2026;order_tN132hxBAV18cS;RCPT-EU-100337;Sophie Bakker;Milan;Paid;Card;EUR;10.93;EUR;10.93
INV-EU-2026-4338;09.08.2026;order_T3PfQh0RejLTLB;RCPT-EU-100338;Elias Rossi;Berlin;Paid;Sepa;EUR;16.58;EUR;16.58
INV-EU-2026-4339;07.08.2026;order_WOS1YUr8xf5xn5;RCPT-EU-100339;Hanna Schneider;Amsterdam;Paid;Card;EUR;3.74;EUR;3.74
INV-EU-2026-4340;02.08.2026;order_wrSX9upnigzKhV;RCPT-EU-100340;Jonas Meyer;Berlin;Paid;Card;EUR;7.07;EUR;7.07
INV-EU-2026-4341;19.08.2026;order_W6BGL0L6T17dTj;RCPT-EU-100341;Paul Schmidt;Dublin;Paid;Card;EUR;3.07;EUR;3.07
INV-EU-2026-4342;04.08.2026;order_krarEPt4dnpWLG;RCPT-EU-100342;Lena Weber;Cologne;Paid;Card;SEK;66.73;EUR;5.75
INV-EU-2026-4343;01.08.2026;order_JOgpISTb5QtFF0;RCPT-EU-100343;Lukas Rossi;Dublin;Paid;Sepa;EUR;3.80;EUR;3.80
INV-EU-2026-4344;20.08.2026;order_Grn0Gj5HKCUW6C;RCPT-EU-100344;Jonas Weber;Vienna;Paid;Card;EUR;11.26;EUR;11.26
INV-EU-2026-4345;19.08.2026;order_38d2jN0CxX3xC0;RCPT-EU-100345;Emilia Fischer;Vienna;Paid;Card;EUR;5.87;EUR;5.87
INV-EU-2026-4346;24.08.2026;order_jAwITgNhRWhN3R;RCPT-EU-100346;Elias Novak;Munich;Paid;Card;EUR;4.10;EUR;4.10
INV-EU-2026-4347;19.08.2026;order_gAfmYjLJmvgahj;RCPT-EU-100347;Mila Schneider;Vienna;Paid;Card;EUR;6.19;EUR;6.19
INV-EU-2026-4348;08.08.2026;order_vJmi3nr8WksQkF;RCPT-EU-100348;Noah Schneider;Antwerp;Paid;Card;GBP;6.66;EUR;7.76
INV-EU-2026-4349;16.08.2026;order_KoDh6AgZ0IykAJ;RCPT-EU-100349;Sanne Schneider;Cologne;Paid;Card;EUR;6.22;EUR;6.22
INV-EU-2026-4350;20.08.2026;order_4MmTUCFXAeyKnr;RCPT-EU-100350;Finn Meyer;Lisbon;Paid;Card;EUR;5.02;EUR;5.02
INV-EU-2026-4351;16.08.2026;order_FJZlUjLy1gkVux;RCPT-EU-100351;Luca de Vries;Hamburg;Paid;Card;EUR;8.75;EUR;8.75
INV-EU-2026-4352;07.08.2026;order_x1YKs14rg7eadd;RCPT-EU-100352;Luca Meyer;Dublin;Paid;Card;EUR;32.77;EUR;32.77
INV-EU-2026-4353;10.08.2026;order_1iMhtkM7ciIRPN;RCPT-EU-100353;Bram Schmidt;Lisbon;Paid;Sepa;EUR;36.14;EUR;36.14
INV-EU-2026-4354;22.08.2026;order_Anb1XdBFg5xMRE;RCPT-EU-100354;Sophie de Vries;Frankfurt;Paid;Sepa;EUR;3.64;EUR;3.64
INV-EU-2026-4355;17.08.2026;order_6HDblXRiAQ0Lqh;RCPT-EU-100355;Ida Fischer;Berlin;Paid;Card;EUR;13.01;EUR;13.01
INV-EU-2026-4356;04.08.2026;order_oOoMrebE399T24;RCPT-EU-100356;Hanna Müller;Cologne;Paid;Wallet;EUR;4.49;EUR;4.49
INV-EU-2026-4357;05.08.2026;order_ke680zpBYkgMOJ;RCPT-EU-100357;Noah Müller;Vienna;Paid;Card;EUR;24.69;EUR;24.69
INV-EU-2026-4358;23.08.2026;order_2Fbkd6xBDTRaDm;RCPT-EU-100358;Jonas Schneider;Berlin;Paid;Card;EUR;17.38;EUR;17.38
INV-EU-2026-4359;04.08.2026;order_TyBZjWrQHsEXTt;RCPT-EU-100359;Jonas Müller;Hamburg;Paid;Card;EUR;9.45;EUR;9.45
INV-EU-2026-4360;14.08.2026;order_7lJkvRbtNiwN33;RCPT-EU-100360;Elias Müller;Cologne;Paid;Wallet;EUR;1.91;EUR;1.91
INV-EU-2026-4361;13.08.2026;order_H80TPbmQetOFMa;RCPT-EU-100361;Ida Novak;Amsterdam;Paid;Ideal;EUR;1.76;EUR;1.76
INV-EU-2026-4362;13.08.2026;order_1W5KXI6DcJmz6N;RCPT-EU-100362;Lukas Rossi;Rotterdam;Paid;Sepa;EUR;1.73;EUR;1.73
INV-EU-2026-4363;18.08.2026;order_PCNedjaxBbJCFD;RCPT-EU-100363;Hanna Novak;Hamburg;Paid;Card;EUR;13.26;EUR;13.26
INV-EU-2026-4364;06.08.2026;order_tx39jmTMY1uSAw;RCPT-EU-100364;Bram Wagner;Antwerp;Paid;Sepa;EUR;7.14;EUR;7.14
INV-EU-2026-4365;15.08.2026;order_F10CF7fI0cGQJD;RCPT-EU-100365;Sophie Jansen;Berlin;Paid;Ideal;EUR;3.70;EUR;3.70
INV-EU-2026-4366;11.08.2026;order_SSu7oHF6bEJ5EF;RCPT-EU-100366;Mila Weber;Frankfurt;Paid;Card;INR;1162.36;EUR;12.78
INV-EU-2026-4367;24.08.2026;order_CUCLLkzV0KVu5R;RCPT-EU-100367;Emilia Wagner;Munich;Paid;Card;EUR;3.93;EUR;3.93
INV-EU-2026-4368;19.08.2026;order_JAbGlO4fBO5Mki;RCPT-EU-100368;Ida Schmidt;Cologne;Paid;Card;EUR;19.00;EUR;19.00
INV-EU-2026-4369;21.08.2026;order_LN2WYQQt0eOC9v;RCPT-EU-100369;Marie Schneider;Amsterdam;Paid;Ideal;EUR;6.69;EUR;6.69
INV-EU-2026-4370;09.08.2026;order_dE9LHwp0BpJx1H;RCPT-EU-100370;Paul Fischer;Dublin;Paid;Wallet;EUR;5.68;EUR;5.68
INV-EU-2026-4371;07.08.2026;order_y6bzHfQc9wyyym;RCPT-EU-100371;Sanne Meyer;Rotterdam;Paid;Sepa;EUR;7.37;EUR;7.37
INV-EU-2026-4372;18.08.2026;order_KGjaImjckDtI1B;RCPT-EU-100372;Mila de Vries;Frankfurt;Paid;Card;EUR;2.71;EUR;2.71
INV-EU-2026-4373;20.08.2026;order_vmp2i3PMdDNlnb;RCPT-EU-100373;Lena Andersen;Frankfurt;Paid;Card;EUR;16.16;EUR;16.16
INV-EU-2026-4374;25.08.2026;order_0yMEmmJIHusda6;RCPT-EU-100374;Noah Novak;Berlin;Paid;Card;EUR;22.87;EUR;22.87
INV-EU-2026-4375;02.08.2026;order_qCFXkpZiwJuKpr;RCPT-EU-100375;Jonas Wagner;Cologne;Paid;Card;EUR;17.71;EUR;17.71
INV-EU-2026-4376;02.08.2026;order_0La77qomkd93lb;RCPT-EU-100376;Paul Jansen;Hamburg;Paid;Card;EUR;2.73;EUR;2.73
INV-EU-2026-4377;16.08.2026;order_M66lN0HLoDLIVB;RCPT-EU-100377;Lukas Müller;Lisbon;Paid;Card;EUR;4.92;EUR;4.92
INV-EU-2026-4378;15.08.2026;order_B1YJP5hOX9tlZ2;RCPT-EU-100378;Lena de Vries;Hamburg;Paid;Card;EUR;11.41;EUR;11.41
INV-EU-2026-4379;13.08.2026;order_dV8DyHCZl50VMm;RCPT-EU-100379;Noah Wagner;Hamburg;Paid;Card;SEK;354.85;EUR;30.60
INV-EU-2026-4380;19.08.2026;order_dPM2QM7jcrvBZT;RCPT-EU-100380;Sophie Novak;Frankfurt;Paid;Card;EUR;9.90;EUR;9.90
INV-EU-2026-4381;23.08.2026;order_cYuJlfBKYm0scl;RCPT-EU-100381;Mila Schneider;Milan;Paid;Wallet;SEK;49.46;EUR;4.27
INV-EU-2026-4382;16.08.2026;order_lwAbkv3zeR8MTh;RCPT-EU-100382;Ida Müller;Berlin;Paid;Card;EUR;14.81;EUR;14.81
INV-EU-2026-4383;04.08.2026;order_AfXkWCOxoJ3RHF;RCPT-EU-100383;Bram Rossi;Vienna;Paid;Card;EUR;2.09;EUR;2.09
INV-EU-2026-4384;13.08.2026;order_bUJqZ3FoTJQ59J;RCPT-EU-100384;Lukas Rossi;Vienna;Paid;Sepa;EUR;4.55;EUR;4.55
INV-EU-2026-4385;04.08.2026;order_8SSWVLWU0oExSs;RCPT-EU-100385;Lukas Wagner;Amsterdam;Paid;Wallet;EUR;18.55;EUR;18.55
INV-EU-2026-4386;04.08.2026;order_F6AyWjbntvZvFt;RCPT-EU-100386;Hanna Novak;Amsterdam;Paid;Card;EUR;17.90;EUR;17.90
INV-EU-2026-4387;12.08.2026;order_SCwYQiG6sAmz4a;RCPT-EU-100387;Finn Weber;Cologne;Paid;Card;EUR;16.33;EUR;16.33
INV-EU-2026-4388;17.08.2026;order_vveQn3bJNkIXKO;RCPT-EU-100388;Ida Fischer;Antwerp;Paid;Card;EUR;8.53;EUR;8.53
INV-EU-2026-4388-DUP;17.08.2026;order_vveQn3bJNkIXKO;RCPT-EU-100388;Ida Fischer;Antwerp;Paid;Card;EUR;8.53;EUR;8.53
INV-EU-2026-4389;23.08.2026;order_XLUSWzYxdaPvwL;RCPT-EU-100389;Marie Rossi;Antwerp;Paid;Card;EUR;8.19;EUR;8.19
INV-EU-2026-4390;21.08.2026;order_fVqmNRS4Zowa9l;RCPT-EU-100390;Elias Andersen;Dublin;Paid;Wallet;INR;450.28;EUR;4.95
INV-EU-2026-4391;02.08.2026;order_KgQIMya7btWfjw;RCPT-EU-100391;Noah de Vries;Amsterdam;Paid;Card;EUR;8.53;EUR;8.53
INV-EU-2026-4392;16.08.2026;order_DWh2Vh9OqIkffr;RCPT-EU-100392;Sanne Rossi;Rotterdam;Paid;Sepa;EUR;16.42;EUR;16.42
INV-EU-2026-4393;24.08.2026;order_zOieUvRfREG981;RCPT-EU-100393;Noah Schneider;Dublin;Paid;Sepa;EUR;5.30;EUR;5.30
INV-EU-2026-4394;17.08.2026;order_W3M6odJckhLkSz;RCPT-EU-100394;Lena Bakker;Amsterdam;Paid;Ideal;EUR;15.76;EUR;15.76
INV-EU-2026-4395;06.08.2026;order_b8E2APKpKbLIDo;RCPT-EU-100395;Marie Müller;Dublin;Paid;Sepa;EUR;7.76;EUR;7.76
INV-EU-2026-4396;23.08.2026;order_jCy2xOGk5vexxG;RCPT-EU-100396;Ida Müller;Vienna;Paid;Card;GBP;4.62;EUR;5.38
INV-EU-2026-4397;23.08.2026;order_tYZU0Wg34CoVsj;RCPT-EU-100397;Lena Rossi;Hamburg;Paid;Ideal;EUR;11.30;EUR;11.30
INV-EU-2026-4398;12.08.2026;order_7SC0pa3UxVV5RI;RCPT-EU-100398;Luca Novak;Amsterdam;Paid;Card;EUR;5.35;EUR;5.35
INV-EU-2026-4399;16.08.2026;order_ZQ4w7sY7u24kZB;RCPT-EU-100399;Marie Meyer;Dublin;Paid;Card;GBP;32.45;EUR;37.81
