Invoice Number,Invoice Date,Order ID,Reference Number,Customer Name,Place of Supply,Invoice Status,Payment Mode,Total,Currency
INV/2026/4000,10/08/2026,order_J7faC9qEwjky40,RCPT-D2C-100000,Vivaan Sethi,Jaipur,Paid,Upi,941.51,INR
INV/2026/4001,03/08/2026,order_WB8dWKnHfDNxSI,RCPT-D2C-100001,Myra Kulkarni,Surat,Paid,Wallet,704.62,INR
INV/2026/4002,06/08/2026,order_qOAf1lLQSAJaiX,RCPT-D2C-100002,Sara Gupta,Kochi,Paid,Upi,2051.45,INR
INV/2026/4003,20/08/2026,order_VmDGAkJiG8XnBE,RCPT-D2C-100003,Arjun Das,Chennai,Paid,Card,427.91,INR
INV/2026/4004,16/08/2026,order_XJsi6BwhTp3Fs2,RCPT-D2C-100004,Vivaan Khan,Kolkata,Paid,Card,458.03,INR
INV/2026/4005,17/08/2026,order_uBByReQMsm9Wcz,RCPT-D2C-100005,Vivaan Joshi,Mumbai,Paid,Upi,1040.67,INR
INV/2026/4006,08/08/2026,order_twMe4LbyoVFz8u,RCPT-D2C-100006,Myra Nair,Kochi,Paid,Upi,159.06,INR
INV/2026/4007,05/08/2026,order_AzupGhv7Ib3M03,RCPT-D2C-100007,Aditi Patel,Hyderabad,Paid,Upi,1086.60,INR
INV/2026/4008,25/08/2026,order_iJhgB3cxLmAxzJ,RCPT-D2C-100008,Rehan Reddy,Kolkata,Paid,Upi,680.98,INR
INV/2026/4009,22/08/2026,order_w56EcUngmgMsRc,RCPT-D2C-100009,Rehan Khan,Kochi,Paid,Upi,1049.67,INR
INV/2026/4010,09/08/2026,order_xJ8tpqXJQ4I9dO,RCPT-D2C-100010,Rehan Menon,Indore,Paid,Netbanking,1089.12,INR
INV/2026/4011,06/08/2026,order_hnSg9EH6yO4GFQ,RCPT-D2C-100011,Ishaan Das,Coimbatore,Paid,Wallet,1679.27,INR
INV/2026/4012,14/08/2026,order_oFzQFm2OEQ3HdA,RCPT-D2C-100012,Diya Khan,Mumbai,Paid,Card,484.59,INR
INV/2026/4013,09/08/2026,order_CABugjMgeP7cGq,RCPT-D2C-100013,Advait Sethi,Kolkata,Paid,Upi,1360.90,INR
INV/2026/4014,13/08/2026,order_Fq1Y3gqSmPsSCd,RCPT-D2C-100014,Aarav Das,Chennai,Paid,Card,481.82,INR
INV/2026/4015,18/08/2026,order_xAFQ0FJZlCZBTT,RCPT-D2C-100015,Vihaan Gupta,Indore,Paid,Upi,2317.26,INR
INV/2026/4016,20/08/2026,order_I6hwgk10zB0rlz,RCPT-D2C-100016,Reyansh Nair,Bengaluru,Paid,Upi,1262.84,INR
INV/2026/4017,16/08/2026,order_2QPuwNOvpdf2YE,RCPT-D2C-100017,Diya Patel,Mumbai,Paid,Upi,870.07,INR
INV/2026/4018,11/08/2026,order_H5jMTF7eBSdE0g,RCPT-D2C-100018,Vihaan Nair,Pune,Paid,Card,824.45,INR
INV/2026/4019,09/08/2026,order_8frcZTuJaWYUH1,RCPT-D2C-100019,Sara Rao,Surat,Paid,Upi,864.39,INR
INV/2026/4020,07/08/2026,order_qSo7JPRbgUMxXy,RCPT-D2C-100020,Aarav Kulkarni,Kolkata,Paid,Netbanking,778.90,INR
INV/2026/4021,24/08/2026,order_STQvvpQZpPTejq,RCPT-D2C-100021,Ishaan Menon,Mumbai,Paid,Wallet,1575.33,INR
INV/2026/4022,16/08/2026,order_M4Bv3aYavhNYRV,RCPT-D2C-100022,Rehan Das,Jaipur,Paid,Upi,543.35,INR
INV/2026/4023,05/08/2026,order_039BICbtw5ze9l,RCPT-D2C-100023,Vihaan Kulkarni,Surat,Paid,Upi,2164.11,INR
INV/2026/4024,15/08/2026,order_9IoQhobswHGETh,RCPT-D2C-100024,Aditi Khan,Coimbatore,Paid,Card,2268.59,INR
INV/2026/4025,01/08/2026,order_DBMf4rpaFQOqb7,RCPT-D2C-100025,Rehan Iyer,Kochi,Paid,Wallet,3330.09,INR
INV/2026/4026,14/08/2026,order_SG8nfnL5Ofa6qD,RCPT-D2C-100026,Arjun Kulkarni,Bengaluru,Paid,Upi,1479.66,INR
INV/2026/4027,20/08/2026,order_p7hvdCTquY1XVc,RCPT-D2C-100027,Aarav Nair,Hyderabad,Paid,Upi,918.22,INR
INV/2026/4028,14/08/2026,order_UXv5eBoaPzoxZC,RCPT-D2C-100028,Anika Nair,Coimbatore,Paid,Upi,928.65,INR
INV/2026/4029,09/08/2026,order_TAuwm6zo88EB0O,RCPT-D2C-100029,Anika Kulkarni,Coimbatore,Paid,Upi,500.39,INR
INV/2026/4031,03/08/2026,order_2xqwHx1SSRkRXQ,RCPT-D2C-100031,Kavya Bhat,Gurugram,Paid,Upi,900.55,INR
INV/2026/4032,08/08/2026,order_0O1c6XC4SOHDMm,RCPT-D2C-100032,Vihaan Joshi,Kolkata,Paid,Netbanking,561.83,INR
INV/2026/4033,06/08/2026,order_NQCmup6N0A0Uar,RCPT-D2C-100033,Kabir Nair,Gurugram,Paid,Upi,698.84,INR
INV/2026/4034,06/08/2026,order_MZuZN8Ab5KbH0F,RCPT-D2C-100034,Vivaan Bhat,Coimbatore,Paid,Upi,2185.55,INR
INV/2026/4035,01/08/2026,order_K7EGYfwzy9zMTI,RCPT-D2C-100035,Sara Iyer,Jaipur,Paid,Upi,841.78,INR
INV/2026/4036,13/08/2026,order_WHJPu05MC4j1wr,RCPT-D2C-100036,Myra Bhat,Kolkata,Paid,Card,1748.14,INR
INV/2026/4037,25/08/2026,order_cwnx0d1LzeZGEI,RCPT-D2C-100037,Vivaan Nair,Coimbatore,Paid,Upi,522.74,INR
INV/2026/4038,17/08/2026,order_Enus0HMI4fS9z6,RCPT-D2C-100038,Reyansh Nair,Surat,Paid,Upi,2270.23,INR
INV/2026/4039,25/08/2026,order_PUXCMLZKo7RrU5,RCPT-D2C-100039,Aditi Reddy,Coimbatore,Paid,Upi,2419.03,INR
INV/2026/4040,21/08/2026,order_VwFcOLnv9DS0hQ,RCPT-D2C-100040,Sara Sharma,Kochi,Paid,Wallet,362.46,INR
INV/2026/4041,02/08/2026,order_eKIA7zPtJcGEoJ,RCPT-D2C-100041,Aditi Kulkarni,Coimbatore,Paid,Upi,794.81,INR
INV/2026/4042,01/08/2026,order_xGAnjq8MJaMhmp,RCPT-D2C-100042,Kabir Nair,Hyderabad,Paid,Card,467.89,INR
INV/2026/4043,24/08/2026,order_v7s82QtDRojrbr,RCPT-D2C-100043,Aarav Menon,Hyderabad,Paid,Card,577.74,INR
INV/2026/4044,24/08/2026,order_yNZnlEk6KJCBHG,RCPT-D2C-100044,Aarav Iyer,Pune,Paid,Card,1328.82,INR
INV/2026/4045,21/08/2026,order_w6t8YGPNNHCC82,RCPT-D2C-100045,Vihaan Bose,Ahmedabad,Paid,Upi,623.34,INR
INV/2026/4046,04/08/2026,order_e2SnvByaBbhxGW,RCPT-D2C-100046,Diya Patel,Kochi,Paid,Upi,773.89,INR
INV/2026/4047,03/08/2026,order_L9flW91gQk8KS0,RCPT-D2C-100047,Rehan Menon,Mumbai,Paid,Upi,1515.81,INR
INV/2026/4048,25/08/2026,order_b5igKY4oO8dIim,RCPT-D2C-100048,Vivaan Rao,Kolkata,Paid,Card,1091.51,INR
INV/2026/4049,15/08/2026,order_t01nJuJPuUmhWK,RCPT-D2C-100049,Ananya Menon,Indore,Paid,Card,395.51,INR
INV/2026/4050,04/08/2026,order_2ybsOgoSdBJQmv,RCPT-D2C-100050,Reyansh Verma,Kochi,Paid,Upi,1217.72,INR
INV/2026/4051,24/08/2026,order_yZttoKQ2bedBn2,RCPT-D2C-100051,Aarav Kulkarni,Surat,Paid,Card,1352.63,INR
INV/2026/4052,04/08/2026,order_hVav8dNrLZgw7H,RCPT-D2C-100052,Diya Das,Hyderabad,Paid,Upi,1568.02,INR
INV/2026/4053,13/08/2026,order_hOz9ZdNKI7xEzz,RCPT-D2C-100053,Rehan Khan,Surat,Paid,Upi,2182.42,INR
INV/2026/4054,12/08/2026,order_LeAzuzRWPpTUef,RCPT-D2C-100054,Arjun Bose,Surat,Paid,Card,162.50,INR
INV/2026/4055,03/08/2026,order_QmGlJ2OLxcWyJN,RCPT-D2C-100055,Ishaan Nair,Indore,Paid,Netbanking,2535.01,INR
INV/2026/4056,18/08/2026,order_ed5JsfPfKim3vA,RCPT-D2C-100056,Kabir Bhat,Chennai,Paid,Card,693.42,INR
INV/2026/4057,22/08/2026,order_5JCNtaoIVG3qXV,RCPT-D2C-100057,Kavya Bose,Noida,Paid,Upi,450.49,INR
INV/2026/4058,09/08/2026,order_loFyCZuj4ZikDZ,RCPT-D2C-100058,Kavya Sethi,Jaipur,Paid,Card,1197.01,INR
INV/2026/4059,02/08/2026,order_dowLGqL3CaxG67,RCPT-D2C-100059,Vivaan Gupta,Coimbatore,Paid,Netbanking,524.51,INR
INV/2026/4060,23/08/2026,order_s6ZcEArYml8qJe,RCPT-D2C-100060,Ananya Nair,Indore,Paid,Upi,565.69,INR
INV/2026/4061,16/08/2026,order_RukPcuvL7DXxvt,RCPT-D2C-100061,Vihaan Bose,Indore,Paid,Upi,1151.97,INR
INV/2026/4062,16/08/2026,order_31fmDUX8kucerK,RCPT-D2C-100062,Vivaan Menon,Indore,Paid,Wallet,2277.96,INR
INV/2026/4063,16/08/2026,order_1Jm1Tlb4PYYrYm,RCPT-D2C-100063,Aarav Rao,Hyderabad,Paid,Card,727.24,INR
INV/2026/4064,06/08/2026,order_fzYMywu7OTmDrZ,RCPT-D2C-100064,Aarav Kulkarni,Ahmedabad,Paid,Card,2689.29,INR
INV/2026/4065,18/08/2026,order_sSXkkWZxh2JPC7,RCPT-D2C-100065,Vivaan Bhat,Coimbatore,Paid,Card,1211.41,INR
INV/2026/4066,11/08/2026,order_cxl0m9IQ1CVMLY,RCPT-D2C-100066,Diya Iyer,Kolkata,Paid,Upi,796.21,INR
INV/2026/4067,23/08/2026,order_96qgZLc2KX9PuO,RCPT-D2C-100067,Aditi Joshi,Bengaluru,Paid,Wallet,885.69,INR
INV/2026/4068,01/08/2026,order_cwpGeUXQYHXeYK,RCPT-D2C-100068,Arjun Sharma,Ahmedabad,Paid,Upi,1113.26,INR
INV/2026/4069,07/08/2026,order_Y1BoEcVU0OeHoX,RCPT-D2C-100069,Reyansh Iyer,Pune,Paid,Upi,358.62,INR
INV/2026/4070,18/08/2026,order_eHJgDo5yq7Nje1,RCPT-D2C-100070,Aditi Patel,Chennai,Paid,Upi,1300.24,INR
INV/2026/4071,09/08/2026,order_gIcAy18hSLXbC6,RCPT-D2C-100071,Aditi Menon,Pune,Paid,Upi,1487.93,INR
INV/2026/4072,17/08/2026,order_AEsuha1u6DhzWV,RCPT-D2C-100072,Advait Sethi,Pune,Paid,Card,1126.36,INR
INV/2026/4073,09/08/2026,order_EHWtP0136Uxt3Y,RCPT-D2C-100073,Diya Bose,Surat,Paid,Upi,1016.26,INR
INV/2026/4073-DUP,09/08/2026,order_EHWtP0136Uxt3Y,RCPT-D2C-100073,Diya Bose,Surat,Paid,Upi,1016.26,INR
INV/2026/4074,04/08/2026,order_BG7svMQB1mokdh,RCPT-D2C-100074,Anika Reddy,Chennai,Paid,Upi,2620.98,INR
INV/2026/4075,23/08/2026,order_OJqkdvZK80B8oY,RCPT-D2C-100075,Diya Kulkarni,Bengaluru,Paid,Upi,1069.75,INR
INV/2026/4076,11/08/2026,order_bqoAXGhLEUbMgq,RCPT-D2C-100076,Myra Bhat,Indore,Paid,Card,1377.62,INR
INV/2026/4077,20/08/2026,order_6g5RFdli7JcHgI,RCPT-D2C-100077,Advait Bose,Hyderabad,Paid,Upi,471.61,INR
INV/2026/4078,03/08/2026,order_BPVOMgiYlZA7WK,RCPT-D2C-100078,Sara Sethi,Hyderabad,Paid,Upi,370.54,INR
INV/2026/4079,07/08/2026,order_rv7JaVqWIrMnn2,RCPT-D2C-100079,Aditi Gupta,Noida,Paid,Card,1169.08,INR
INV/2026/4080,01/08/2026,order_SuWSWZhjmYpUAy,RCPT-D2C-100080,Myra Bhat,Hyderabad,Paid,Upi,1405.49,INR
INV/2026/4081,10/08/2026,order_569ABDQk5fT6ix,RCPT-D2C-100081,Advait Verma,Noida,Paid,Upi,1349.68,INR
INV/2026/4082,02/08/2026,order_fZcxn5lVshv0FK,RCPT-D2C-100082,Vivaan Nair,Surat,Paid,Upi,2110.77,INR
INV/2026/4083,06/08/2026,order_MaLDokmGWkoouC,RCPT-D2C-100083,Aarav Sharma,Hyderabad,Paid,Netbanking,672.80,INR
INV/2026/4084,18/08/2026,order_MamHJKhwgGBGEK,RCPT-D2C-100084,Rehan Bhat,Jaipur,Paid,Upi,1390.55,INR
INV/2026/4085,02/08/2026,order_cnYBDO4Zlw9CcD,RCPT-D2C-100085,Diya Menon,Jaipur,Paid,Card,461.35,INR
INV/2026/4086,11/08/2026,order_y3PFLKWYLA4SZj,RCPT-D2C-100086,Sara Kulkarni,Indore,Paid,Card,603.60,INR
INV/2026/4087,04/08/2026,order_PtIFMRi1yIjcd1,RCPT-D2C-100087,Reyansh Menon,Chennai,Paid,Netbanking,1125.08,INR
INV/2026/4088,24/08/2026,order_iPZmgNI3wHrgFi,RCPT-D2C-100088,Myra Sharma,Indore,Paid,Upi,578.70,INR
INV/2026/4089,05/08/2026,order_gwTMEtTFOSI0tZ,RCPT-D2C-100089,Myra Bhat,Coimbatore,Paid,Upi,703.76,INR
INV/2026/4090,21/08/2026,order_5oGLSHR6muOtrC,RCPT-D2C-100090,Ishaan Verma,Gurugram,Paid,Upi,877.34,INR
INV/2026/4091,05/08/2026,order_rkW7AH1wxpS5C4,RCPT-D2C-100091,Diya Khan,Indore,Paid,Upi,1039.26,INR
INV/2026/4092,11/08/2026,order_gvs11oocgDrsNb,RCPT-D2C-100092,Arjun Sethi,Coimbatore,Paid,Netbanking,898.32,INR
INV/2026/4093,07/08/2026,order_oTIIrtfqePtPAg,RCPT-D2C-100093,Kabir Gupta,Kochi,Paid,Card,696.89,INR
INV/2026/4094,19/08/2026,order_XfNCD5RTMHsTc9,RCPT-D2C-100094,Sara Bhat,Ahmedabad,Paid,Upi,1431.71,INR
INV/2026/4095,10/08/2026,order_fMyiUAW6FpSon7,RCPT-D2C-100095,Aditi Khan,Mumbai,Paid,Upi,1376.41,INR
INV/2026/4096,01/08/2026,order_0WUOXIj6X11QPD,RCPT-D2C-100096,Myra Iyer,Gurugram,Paid,Upi,1278.08,INR
INV/2026/4097,16/08/2026,order_NuXAC1n21ygbJS,RCPT-D2C-100097,Sara Nair,Ahmedabad,Paid,Card,1416.11,INR
INV/2026/4098,03/08/2026,order_Tkka8XeqpIT3Vh,RCPT-D2C-100098,Aarav Patel,Gurugram,Paid,Upi,460.81,INR
INV/2026/4099,15/08/2026,order_94MjvHO31QpGMh,RCPT-D2C-100099,Rehan Khan,Kolkata,Paid,Upi,1241.57,INR
INV/2026/4100,18/08/2026,order_Ho9ugGd1rZiK99,RCPT-D2C-100100,Rehan Nair,Pune,Paid,Upi,405.25,INR
INV/2026/4101,20/08/2026,order_n3MkH6u3WKXv1V,RCPT-D2C-100101,Aarav Das,Mumbai,Paid,Upi,841.45,INR
INV/2026/4102,17/08/2026,order_cB1lcHyBfHEzQL,RCPT-D2C-100102,Kabir Kulkarni,Surat,Paid,Wallet,1973.22,INR
INV/2026/4103,09/08/2026,order_prmZ1e9Ks2cZO3,RCPT-D2C-100103,Vivaan Rao,Kolkata,Paid,Card,1120.67,INR
INV/2026/4104,05/08/2026,order_d4mCoJuqJRYREg,RCPT-D2C-100104,Vivaan Gupta,Kochi,Paid,Upi,1182.86,INR
INV/2026/4105,08/08/2026,order_tVqU4yegX5PzPW,RCPT-D2C-100105,Kavya Sharma,Surat,Paid,Wallet,1477.95,INR
INV/2026/4106,22/08/2026,order_6Ml7FlLTlWdWxs,RCPT-D2C-100106,Vihaan Sethi,Chennai,Paid,Upi,566.13,INR
INV/2026/4107,09/08/2026,order_gpGMPuD9ImDFEz,RCPT-D2C-100107,Arjun Sharma,Gurugram,Paid,Upi,726.45,INR
INV/2026/4108,21/08/2026,order_CFonVxfmZQ8d3A,RCPT-D2C-100108,Sara Iyer,Noida,Paid,Upi,1297.26,INR
INV/2026/4109,24/08/2026,order_3jJqmkVOvnQ0te,RCPT-D2C-100109,Kabir Bhat,Kolkata,Paid,Upi,741.19,INR
INV/2026/4110,17/08/2026,order_igNjxLQ8mXvJ5L,RCPT-D2C-100110,Ishaan Sharma,Chennai,Paid,Upi,1775.93,INR
INV/2026/4111,08/08/2026,order_Ezp6Zr3WDOkYa6,RCPT-D2C-100111,Reyansh Sharma,Hyderabad,Paid,Upi,934.48,INR
INV/2026/4112,19/08/2026,order_nm9cNlD4yN24vX,RCPT-D2C-100112,Anika Menon,Noida,Paid,Upi,2301.61,INR
INV/2026/4113,10/08/2026,order_Vp6qtZ4V5ClPMy,RCPT-D2C-100113,Arjun Khan,Jaipur,Paid,Card,593.86,INR
INV/2026/4114,04/08/2026,order_gHhW1f96EWN294,RCPT-D2C-100114,Vihaan Das,Kochi,Paid,Upi,1068.11,INR
INV/2026/4115,09/08/2026,order_Vsa3vtRZbUiaYJ,RCPT-D2C-100115,Myra Verma,Coimbatore,Paid,Wallet,785.14,INR
INV/2026/4116,21/08/2026,order_ZsjUrpcjqUdkAe,RCPT-D2C-100116,Rehan Rao,Jaipur,Paid,Upi,1356.74,INR
INV/2026/4117,13/08/2026,order_ziqO7nwQQ61e2u,RCPT-D2C-100117,Rehan Khan,Pune,Paid,Upi,731.98,INR
INV/2026/4118,25/08/2026,order_CUYX130bHaJsQY,RCPT-D2C-100118,Vivaan Bose,Ahmedabad,Paid,Upi,304.38,INR
INV/2026/4119,09/08/2026,order_PnXhVzYQBjMAkQ,RCPT-D2C-100119,Ishaan Bose,Kochi,Paid,Wallet,744.30,INR
INV/2026/4120,11/08/2026,order_YXCtwSabpmzQWP,RCPT-D2C-100120,Kavya Joshi,Mumbai,Paid,Upi,456.56,INR
INV/2026/4121,11/08/2026,order_7ds1baeL4EcZfI,RCPT-D2C-100121,Aarav Khan,Kochi,Paid,Upi,1186.91,INR
INV/2026/4122,18/08/2026,order_0rMtVe3Djsva1l,RCPT-D2C-100122,Sara Rao,Gurugram,Paid,Card,1017.64,INR
INV/2026/4123,01/08/2026,order_TP3Yzb2iQTMIDN,RCPT-D2C-100123,Vivaan Bhat,Indore,Paid,Upi,323.85,INR
INV/2026/4124,19/08/2026,order_cSMtNzlndZ7ucN,RCPT-D2C-100124,Diya Menon,Noida,Paid,Wallet,363.67,INR
INV/2026/4125,04/08/2026,order_zNi1KJx6tNhGdG,RCPT-D2C-100125,Advait Khan,Indore,Paid,Card,1159.12,INR
INV/2026/4126,23/08/2026,order_Uj1NJ8zqOZCUYJ,RCPT-D2C-100126,Kavya Bhat,Pune,Paid,Card,2140.47,INR
INV/2026/4127,14/08/2026,order_wyf476FMfR3Tml,RCPT-D2C-100127,Vihaan Patel,Pune,Paid,Upi,1241.27,INR
INV/2026/4128,25/08/2026,order_vXLHy1TzEujdGv,RCPT-D2C-100128,Anika Iyer,Bengaluru,Paid,Card,1031.05,INR
INV/2026/4129,06/08/2026,order_UdPKkiCgQX8MSZ,RCPT-D2C-100129,Reyansh Reddy,Bengaluru,Paid,Card,838.01,INR
INV/2026/4130,02/08/2026,order_lNOPmxygt0D0PE,RCPT-D2C-100130,Kavya Menon,Surat,Paid,Card,764.52,INR
INV/2026/4131,03/08/2026,order_rKJzWxINM7OrVt,RCPT-D2C-100131,Aarav Sethi,Bengaluru,Paid,Upi,601.69,INR
INV/2026/4132,25/08/2026,order_rxvfIQ1s7T5Dvd,RCPT-D2C-100132,Ishaan Verma,Noida,Paid,Upi,757.12,INR
INV/2026/4133,17/08/2026,order_djP4fk67r4tDZq,RCPT-D2C-100133,Sara Kulkarni,Noida,Paid,Wallet,788.88,INR
INV/2026/4134,08/08/2026,order_JViNFWZ2dnCSVF,RCPT-D2C-100134,Advait Khan,Mumbai,Paid,Card,349.55,INR
INV/2026/4135,21/08/2026,order_94gymM219KZhAA,RCPT-D2C-100135,Anika Das,Kochi,Paid,Card,473.65,INR
INV/2026/4136,04/08/2026,order_Y8hzrD6pffXsBD,RCPT-D2C-100136,Anika Bose,Coimbatore,Paid,Card,335.69,INR
INV/2026/4137,05/08/2026,order_wPSxiBajapFz8r,RCPT-D2C-100137,Aditi Rao,Pune,Paid,Card,2358.03,INR
INV/2026/4138,16/08/2026,order_9sLRT58eMnU7cZ,RCPT-D2C-100138,Myra Rao,Noida,Paid,Card,1425.72,INR
INV/2026/4139,16/08/2026,order_eqj2qawERZXt6Z,RCPT-D2C-100139,Kabir Reddy,Hyderabad,Paid,Upi,1568.53,INR
INV/2026/4140,01/08/2026,order_7TKpL9uovsHxZZ,RCPT-D2C-100140,Myra Sethi,Coimbatore,Paid,Card,379.44,INR
INV/2026/4141,06/08/2026,order_A2kqPkbZNkuRy2,RCPT-D2C-100141,Arjun Gupta,Gurugram,Paid,Upi,2787.64,INR
INV/2026/4142,25/08/2026,order_tExmm0gRmN5OTG,RCPT-D2C-100142,Vihaan Joshi,Bengaluru,Paid,Upi,870.82,INR
INV/2026/4143,03/08/2026,order_0dHeOSo7V9VhkO,RCPT-D2C-100143,Kavya Bose,Surat,Paid,Wallet,1047.93,INR
INV/2026/4144,19/08/2026,order_laOq34DzX9iVqQ,RCPT-D2C-100144,Rehan Gupta,Noida,Paid,Upi,922.01,INR
INV/2026/4145,22/08/2026,order_xMytvMxQMjws1S,RCPT-D2C-100145,Aarav Sharma,Mumbai,Paid,Upi,780.21,INR
INV/2026/4146,14/08/2026,order_ztdxGVG2JXx4ef,RCPT-D2C-100146,Rehan Gupta,Surat,Paid,Card,652.13,INR
INV/2026/4147,19/08/2026,order_YKz51bIIAHNuli,RCPT-D2C-100147,Aarav Nair,Ahmedabad,Paid,Upi,638.17,INR
INV/2026/4148,07/08/2026,order_GGl4I8Mcdkl6or,RCPT-D2C-100148,Vihaan Iyer,Surat,Paid,Upi,1450.61,INR
INV/2026/4149,13/08/2026,order_4OAZkyv0OovvpC,RCPT-D2C-100149,Diya Bhat,Bengaluru,Paid,Card,1130.07,INR
INV/2026/4150,08/08/2026,order_zhKngUGgy94Y64,RCPT-D2C-100150,Aarav Nair,Kolkata,Paid,Upi,429.09,INR
INV/2026/4151,20/08/2026,order_NHtpvNqbHnFihW,RCPT-D2C-100151,Ananya Nair,Chennai,Paid,Card,684.55,INR
INV/2026/4152,10/08/2026,order_7nkpN6wuwyF6B1,RCPT-D2C-100152,Aarav Gupta,Surat,Paid,Upi,243.75,INR
INV/2026/4153,02/08/2026,order_p7ewn1wwwURzPA,RCPT-D2C-100153,Aarav Rao,Gurugram,Paid,Wallet,320.55,INR
INV/2026/4154,12/08/2026,order_iH9dKNhDpqiP86,RCPT-D2C-100154,Vihaan Patel,Gurugram,Paid,Upi,1026.45,INR
INV/2026/4155,01/08/2026,order_VQ9BFs3NpQn9pp,RCPT-D2C-100155,Arjun Nair,Jaipur,Paid,Upi,321.67,INR
INV/2026/4156,13/08/2026,order_5GQTZassLcu4G3,RCPT-D2C-100156,Sara Rao,Surat,Paid,Upi,987.35,INR
INV/2026/4157,13/08/2026,order_qqlTqQLCJeG1DY,RCPT-D2C-100157,Vihaan Khan,Bengaluru,Paid,Upi,937.48,INR
INV/2026/4157-DUP,13/08/2026,order_qqlTqQLCJeG1DY,RCPT-D2C-100157,Vihaan Khan,Bengaluru,Paid,Upi,937.48,INR
INV/2026/4158,03/08/2026,order_3P6yKSwY7wBOpM,RCPT-D2C-100158,Myra Joshi,Gurugram,Paid,Upi,3220.13,INR
INV/2026/4159,16/08/2026,order_fFZHfe7L6ObcDH,RCPT-D2C-100159,Aditi Joshi,Ahmedabad,Paid,Upi,496.75,INR
INV/2026/4160,11/08/2026,order_3UNGFeQd78dyuI,RCPT-D2C-100160,Anika Rao,Mumbai,Paid,Upi,1066.58,INR
INV/2026/4161,07/08/2026,order_vCipOxfqmIpXJY,RCPT-D2C-100161,Ishaan Khan,Bengaluru,Paid,Card,2385.65,INR
INV/2026/4162,24/08/2026,order_8eOEeXg28vfrNn,RCPT-D2C-100162,Kavya Sethi,Gurugram,Paid,Upi,1685.93,INR
INV/2026/4163,15/08/2026,order_JmzQmdejjtYIQP,RCPT-D2C-100163,Aditi Verma,Pune,Paid,Wallet,1038.58,INR
INV/2026/4164,17/08/2026,order_vR98taGDb60G9B,RCPT-D2C-100164,Vihaan Bose,Coimbatore,Paid,Upi,905.76,INR
INV/2026/4165,05/08/2026,order_zX5h9jMbEl5QkY,RCPT-D2C-100165,Reyansh Verma,Chennai,Paid,Upi,625.00,INR
INV/2026/4166,09/08/2026,order_Ld9UyObF9NiaZ9,RCPT-D2C-100166,Vivaan Joshi,Noida,Paid,Upi,858.61,INR
INV/2026/4167,25/08/2026,order_VkiWWtwbULzesB,RCPT-D2C-100167,Ishaan Kulkarni,Chennai,Paid,Wallet,388.79,INR
INV/2026/4168,21/08/2026,order_xlCM5AmiaujRBE,RCPT-D2C-100168,Reyansh Sharma,Pune,Paid,Card,482.77,INR
INV/2026/4169,09/08/2026,order_3QVD7FQKQFEnDs,RCPT-D2C-100169,Sara Sethi,Pune,Paid,Card,445.74,INR
INV/2026/4170,18/08/2026,order_y0OnF0qekbIAM7,RCPT-D2C-100170,Reyansh Das,Kolkata,Paid,Card,576.70,INR
INV/2026/4171,18/08/2026,order_Tq5QIKDOdxV0tt,RCPT-D2C-100171,Kabir Kulkarni,Chennai,Paid,Upi,1135.94,INR
INV/2026/4172,10/08/2026,order_h3XrtehTxEGqEn,RCPT-D2C-100172,Rehan Nair,Hyderabad,Paid,Upi,1056.32,INR
INV/2026/4173,17/08/2026,order_GxdFo7RIC286jI,RCPT-D2C-100173,Diya Bose,Indore,Paid,Upi,994.66,INR
INV/2026/4174,25/08/2026,order_UK0im1aKPLYwzb,RCPT-D2C-100174,Vivaan Reddy,Gurugram,Paid,Upi,644.36,INR
INV/2026/4175,18/08/2026,order_tMuyIvM69fG30g,RCPT-D2C-100175,Reyansh Sharma,Hyderabad,Paid,Upi,862.32,INR
INV/2026/4176,23/08/2026,order_QmC5C8UO2U04R8,RCPT-D2C-100176,Vivaan Joshi,Noida,Paid,Upi,616.92,INR
INV/2026/4177,04/08/2026,order_KwJ0TQgpUYb1TI,RCPT-D2C-100177,Sara Iyer,Chennai,Paid,Netbanking,2198.03,INR
INV/2026/4178,06/08/2026,order_NuVXPEGHU4B5yB,RCPT-D2C-100178,Rehan Iyer,Gurugram,Paid,Card,2249.53,INR
INV/2026/4179,21/08/2026,order_15hEecaA49qONN,RCPT-D2C-100179,Diya Bhat,Jaipur,Paid,Card,617.96,INR
INV/2026/4180,01/08/2026,order_vbKYotE7aMUTVg,RCPT-D2C-100180,Aarav Gupta,Jaipur,Paid,Upi,1656.51,INR
INV/2026/4181,18/08/2026,order_5g25t5t9Ngd7Jj,RCPT-D2C-100181,Arjun Bhat,Coimbatore,Paid,Upi,1341.91,INR
INV/2026/4182,01/08/2026,order_vdtmtNR11b7gDf,RCPT-D2C-100182,Anika Nair,Surat,Paid,Netbanking,1529.32,INR
INV/2026/4183,18/08/2026,order_nbTTKoNcFJMlUH,RCPT-D2C-100183,Ishaan Verma,Ahmedabad,Paid,Upi,2219.87,INR
INV/2026/4184,25/08/2026,order_ubVWts1ZpJd31k,RCPT-D2C-100184,Diya Sethi,Chennai,Paid,Upi,795.05,INR
INV/2026/4185,23/08/2026,order_ZyUlkrOVz8KjjZ,RCPT-D2C-100185,Kabir Reddy,Pune,Paid,Upi,1837.60,INR
INV/2026/4186,01/08/2026,order_XzYEXz6oiAR5VS,RCPT-D2C-100186,Aarav Nair,Gurugram,Paid,Card,803.34,INR
INV/2026/4187,24/08/2026,order_Fx7Jb1MCvf2uYb,RCPT-D2C-100187,Ishaan Gupta,Hyderabad,Paid,Upi,1846.43,INR
INV/2026/4188,07/08/2026,order_yWovpDchnr5Cyc,RCPT-D2C-100188,Anika Bhat,Bengaluru,Paid,Card,308.88,INR
INV/2026/4189,11/08/2026,order_gz7ysg8A2zXatq,RCPT-D2C-100189,Myra Verma,Chennai,Paid,Upi,3236.07,INR
INV/2026/4190,19/08/2026,order_VKk2if8R27Ff71,RCPT-D2C-100190,Arjun Verma,Coimbatore,Paid,Upi,1224.01,INR
INV/2026/4191,03/08/2026,order_3bc4uzQFucpXGC,RCPT-D2C-100191,Kavya Nair,Indore,Paid,Netbanking,707.70,INR
INV/2026/4192,12/08/2026,order_9HCv1JzrSDm3iv,RCPT-D2C-100192,Myra Khan,Hyderabad,Paid,Upi,431.42,INR
INV/2026/4193,02/08/2026,order_17mL9Ip0wHpL1g,RCPT-D2C-100193,Ishaan Menon,Gurugram,Paid,Upi,895.61,INR
INV/2026/4194,08/08/2026,order_zUrDvYOpde0h9M,RCPT-D2C-100194,Ishaan Reddy,Kolkata,Paid,Netbanking,1137.61,INR
INV/2026/4195,06/08/2026,order_XY9HIflS9VYkjL,RCPT-D2C-100195,Aarav Rao,Gurugram,Paid,Netbanking,3248.48,INR
INV/2026/4196,10/08/2026,order_MTStPtlEaANjEN,RCPT-D2C-100196,Ananya Khan,Indore,Paid,Upi,1151.51,INR
INV/2026/4197,10/08/2026,order_5tli0LAkML51OG,RCPT-D2C-100197,Sara Kulkarni,Noida,Paid,Wallet,223.06,INR
INV/2026/4198,01/08/2026,order_XuXjIW65XQiJKK,RCPT-D2C-100198,Ishaan Bose,Kolkata,Paid,Card,1929.33,INR
INV/2026/4199,04/08/2026,order_PxF1elYbVewCOq,RCPT-D2C-100199,Reyansh Iyer,Jaipur,Paid,Upi,1697.81,INR
INV/2026/4200,07/08/2026,order_U76Gtgb7KlCfH2,RCPT-D2C-100200,Ishaan Iyer,Hyderabad,Paid,Upi,791.77,INR
INV/2026/4201,11/08/2026,order_dAsOqZGMaFirSX,RCPT-D2C-100201,Aditi Rao,Gurugram,Paid,Upi,1126.42,INR
INV/2026/4202,13/08/2026,order_IqrBsLluCytyzE,RCPT-D2C-100202,Sara Khan,Bengaluru,Paid,Upi,1222.96,INR
INV/2026/4203,24/08/2026,order_3Po6Jq3QtHHzYF,RCPT-D2C-100203,Aarav Gupta,Bengaluru,Paid,Upi,2079.37,INR
INV/2026/4204,03/08/2026,order_uVIXWgjlOnRqgI,RCPT-D2C-100204,Advait Verma,Indore,Paid,Wallet,2179.83,INR
INV/2026/4205,02/08/2026,order_SSZ1tC0QeUurNu,RCPT-D2C-100205,Kabir Bhat,Chennai,Paid,Upi,508.02,INR
INV/2026/4206,12/08/2026,order_9mh4q39TzyOVVe,RCPT-D2C-100206,Ishaan Sethi,Mumbai,Paid,Upi,1000.29,INR
INV/2026/4207,09/08/2026,order_KWRD7r2PVC2L5D,RCPT-D2C-100207,Kavya Gupta,Coimbatore,Paid,Upi,2557.77,INR
INV/2026/4208,17/08/2026,order_IrCntMNBlrknOS,RCPT-D2C-100208,Reyansh Khan,Ahmedabad,Paid,Netbanking,513.06,INR
INV/2026/4209,19/08/2026,order_XA5OHVZPp2bPVl,RCPT-D2C-100209,Diya Bose,Hyderabad,Paid,Upi,1124.70,INR
INV/2026/4210,23/08/2026,order_vc84FTd3NsAEF5,RCPT-D2C-100210,Vivaan Sharma,Noida,Paid,Wallet,656.01,INR
INV/2026/4211,15/08/2026,order_2VmnjkRSwFn9tX,RCPT-D2C-100211,Arjun Rao,Indore,Paid,Card,1207.14,INR
INV/2026/4212,11/08/2026,order_16X0uDBYO49UrZ,RCPT-D2C-100212,Rehan Sethi,Coimbatore,Paid,Upi,1264.79,INR
INV/2026/4213,06/08/2026,order_iIteunHIRTTrMi,RCPT-D2C-100213,Reyansh Bhat,Kochi,Paid,Upi,697.45,INR
INV/2026/4214,19/08/2026,order_L508hBBn4OcF10,RCPT-D2C-100214,Ishaan Patel,Chennai,Paid,Card,638.71,INR
INV/2026/4215,11/08/2026,order_v5F3N9cmyRj7Az,RCPT-D2C-100215,Kabir Khan,Hyderabad,Paid,Upi,804.82,INR
INV/2026/4216,22/08/2026,order_1gPIsTZCOGNc9y,RCPT-D2C-100216,Vivaan Sethi,Bengaluru,Paid,Upi,1115.82,INR
INV/2026/4217,25/08/2026,order_gNy8MpuPWkz5GQ,RCPT-D2C-100217,Kabir Kulkarni,Jaipur,Paid,Card,696.89,INR
INV/2026/4218,07/08/2026,order_rt8bM2GJaLg5JU,RCPT-D2C-100218,Aditi Gupta,Mumbai,Paid,Card,636.07,INR
INV/2026/4219,06/08/2026,order_pkGibN2xToumO8,RCPT-D2C-100219,Ananya Sethi,Coimbatore,Paid,Card,2461.76,INR
INV/2026/4220,21/08/2026,order_QfLQAT6dOXPy4u,RCPT-D2C-100220,Reyansh Sharma,Mumbai,Paid,Upi,883.82,INR
INV/2026/4221,04/08/2026,order_aEn8zgvcrblxh1,RCPT-D2C-100221,Aditi Menon,Surat,Paid,Upi,2694.47,INR
INV/2026/4222,14/08/2026,order_foK1Me0I3Tbtou,RCPT-D2C-100222,Arjun Kulkarni,Indore,Paid,Upi,1234.33,INR
INV/2026/4223,10/08/2026,order_XtLnZogva5HHhd,RCPT-D2C-100223,Anika Kulkarni,Mumbai,Paid,Upi,3826.46,INR
INV/2026/4224,08/08/2026,order_cYwnRXJmhKbJ8R,RCPT-D2C-100224,Aarav Verma,Mumbai,Paid,Upi,451.74,INR
INV/2026/4225,13/08/2026,order_EIS0acQlPU19Dk,RCPT-D2C-100225,Diya Reddy,Mumbai,Paid,Card,365.20,INR
INV/2026/4226,19/08/2026,order_FGzhfVOXHUg1gS,RCPT-D2C-100226,Vivaan Khan,Noida,Paid,Upi,823.54,INR
INV/2026/4227,17/08/2026,order_zjAFQ3tLXQsn7M,RCPT-D2C-100227,Ishaan Reddy,Hyderabad,Paid,Wallet,558.47,INR
INV/2026/4228,04/08/2026,order_ZqkZgZMY8J9gxV,RCPT-D2C-100228,Anika Iyer,Surat,Paid,Upi,485.67,INR
INV/2026/4229,22/08/2026,order_qLKFJ5khNeV3Gh,RCPT-D2C-100229,Sara Bose,Hyderabad,Paid,Card,803.60,INR
INV/2026/4230,07/08/2026,order_GdtalqgFPcSNDX,RCPT-D2C-100230,Aarav Sethi,Kolkata,Paid,Upi,524.35,INR
INV/2026/4231,13/08/2026,order_MzSkrUD7gXgGCV,RCPT-D2C-100231,Aditi Das,Noida,Paid,Upi,1132.75,INR
INV/2026/4232,15/08/2026,order_M8VuceyCo1L0DL,RCPT-D2C-100232,Vihaan Bhat,Bengaluru,Paid,Upi,262.25,INR
INV/2026/4233,01/08/2026,order_p4gAUCmybMOVAB,RCPT-D2C-100233,Ananya Kulkarni,Jaipur,Paid,Card,519.66,INR
INV/2026/4234,13/08/2026,order_ume3x2wTCm4aqm,RCPT-D2C-100234,Aarav Sethi,Gurugram,Paid,Upi,1779.02,INR
INV/2026/4235,15/08/2026,order_qBbd4joul9Jnue,RCPT-D2C-100235,Diya Bose,Indore,Paid,Upi,750.14,INR
INV/2026/4236,24/08/2026,order_Y8WJzcL2j9xS7X,RCPT-D2C-100236,Aditi Sethi,Bengaluru,Paid,Upi,731.34,INR
INV/2026/4237,06/08/2026,order_Cl4H2zdgwJf010,RCPT-D2C-100237,Arjun Bose,Gurugram,Paid,Upi,443.53,INR
INV/2026/4238,02/08/2026,order_RzQmiLIn3X4JPs,RCPT-D2C-100238,Kabir Sharma,Hyderabad,Paid,Card,1000.08,INR
INV/2026/4238-DUP,02/08/2026,order_RzQmiLIn3X4JPs,RCPT-D2C-100238,Kabir Sharma,Hyderabad,Paid,Card,1000.08,INR
INV/2026/4239,11/08/2026,order_E7wAF6qZFIPdqD,RCPT-D2C-100239,Anika Reddy,Bengaluru,Paid,Upi,321.60,INR
INV/2026/4240,07/08/2026,order_M34oyeTYn6F8Hc,RCPT-D2C-100240,Aditi Sethi,Hyderabad,Paid,Card,1053.34,INR
INV/2026/4241,08/08/2026,order_vF7ZqJTagISUc1,RCPT-D2C-100241,Arjun Menon,Hyderabad,Paid,Card,436.75,INR
INV/2026/4242,01/08/2026,order_FFoOTYMaXkq4r8,RCPT-D2C-100242,Advait Joshi,Noida,Paid,Wallet,1705.42,INR
INV/2026/4243,03/08/2026,order_ibVQYUfucCfkgN,RCPT-D2C-100243,Ishaan Iyer,Chennai,Paid,Upi,362.96,INR
INV/2026/4244,03/08/2026,order_0vTXEJjUpbOHCF,RCPT-D2C-100244,Diya Kulkarni,Indore,Paid,Upi,1016.20,INR
INV/2026/4245,12/08/2026,order_zZwjEMTXrRiPoz,RCPT-D2C-100245,Sara Kulkarni,Gurugram,Paid,Upi,475.91,INR
INV/2026/4246,11/08/2026,order_kW0s6YF3Ak4wBl,RCPT-D2C-100246,Myra Rao,Ahmedabad,Paid,Upi,1829.82,INR
INV/2026/4247,21/08/2026,order_zunq2NSifmLu6M,RCPT-D2C-100247,Aarav Reddy,Hyderabad,Paid,Card,416.06,INR
INV/2026/4248,24/08/2026,order_5Swvrs6jVQq89u,RCPT-D2C-100248,Sara Khan,Chennai,Paid,Upi,589.68,INR
INV/2026/4249,14/08/2026,order_VHgLbQFl7cfTXh,RCPT-D2C-100249,Diya Rao,Noida,Paid,Upi,1158.07,INR
INV/2026/4250,09/08/2026,order_ir1fW3fXqDMqoO,RCPT-D2C-100250,Rehan Patel,Bengaluru,Paid,Upi,770.41,INR
INV/2026/4251,02/08/2026,order_TNlwVeF7eVyZN9,RCPT-D2C-100251,Aarav Sethi,Ahmedabad,Paid,Upi,1192.56,INR
INV/2026/4252,18/08/2026,order_wiCT7oYzzdeRzV,RCPT-D2C-100252,Kavya Sethi,Pune,Paid,Card,1365.42,INR
INV/2026/4253,12/08/2026,order_7fc8mq0QR6Ba7k,RCPT-D2C-100253,Diya Das,Pune,Paid,Upi,821.56,INR
INV/2026/4255,05/08/2026,order_NIBFVOUOHDaLCF,RCPT-D2C-100255,Rehan Patel,Coimbatore,Paid,Wallet,2492.41,INR
INV/2026/4256,25/08/2026,order_HuvvVphx8hljJ6,RCPT-D2C-100256,Diya Das,Jaipur,Paid,Upi,420.59,INR
INV/2026/4257,12/08/2026,order_XCPkAJ3D8tS3dr,RCPT-D2C-100257,Reyansh Bhat,Hyderabad,Paid,Upi,684.47,INR
INV/2026/4258,16/08/2026,order_uNEuzcqley577w,RCPT-D2C-100258,Ananya Sharma,Noida,Paid,Upi,1375.46,INR
INV/2026/4259,17/08/2026,order_98u8EU3mBHQa7n,RCPT-D2C-100259,Diya Bhat,Mumbai,Paid,Card,2452.30,INR
INV/2026/4260,07/08/2026,order_6mKlMcI4NuVLZ0,RCPT-D2C-100260,Myra Sethi,Noida,Paid,Upi,348.02,INR
INV/2026/4261,12/08/2026,order_Xs0dghmNILpVrx,RCPT-D2C-100261,Aarav Verma,Pune,Paid,Upi,375.44,INR
INV/2026/4262,09/08/2026,order_pqHkCBKkQ3hF0o,RCPT-D2C-100262,Reyansh Sethi,Kolkata,Paid,Upi,732.61,INR
INV/2026/4263,11/08/2026,order_2mptrUSRRnFOxC,RCPT-D2C-100263,Ishaan Verma,Chennai,Paid,Card,1766.50,INR
INV/2026/4264,08/08/2026,order_ldKCX1FBpU1JBm,RCPT-D2C-100264,Kabir Bose,Surat,Paid,Card,545.63,INR
INV/2026/4265,23/08/2026,order_IjUjPZXzyFhVm7,RCPT-D2C-100265,Aditi Reddy,Pune,Paid,Card,854.42,INR
INV/2026/4266,11/08/2026,order_WVpJ71ddpzCVTU,RCPT-D2C-100266,Ananya Rao,Bengaluru,Paid,Upi,1224.27,INR
INV/2026/4267,23/08/2026,order_bCCz7hSj6iLa6j,RCPT-D2C-100267,Ananya Gupta,Indore,Paid,Card,1118.20,INR
INV/2026/4268,20/08/2026,order_9ezRA91yOrUTju,RCPT-D2C-100268,Advait Gupta,Indore,Paid,Card,977.00,INR
INV/2026/4269,05/08/2026,order_0ZXkBpfC6HeEFk,RCPT-D2C-100269,Anika Nair,Ahmedabad,Paid,Card,924.55,INR
INV/2026/4270,18/08/2026,order_b6q1N9POPOVBZR,RCPT-D2C-100270,Aarav Verma,Hyderabad,Paid,Upi,431.69,INR
INV/2026/4271,18/08/2026,order_3g4B2u07f3LORX,RCPT-D2C-100271,Sara Sharma,Jaipur,Paid,Card,780.44,INR
INV/2026/4272,12/08/2026,order_7gGAXNaiQ9VQiB,RCPT-D2C-100272,Vihaan Kulkarni,Jaipur,Paid,Card,1342.10,INR
INV/2026/4273,09/08/2026,order_6VEisQWGJ9Evyz,RCPT-D2C-100273,Ishaan Das,Kolkata,Paid,Card,628.56,INR
INV/2026/4274,24/08/2026,order_aa2lSbMArF0tiI,RCPT-D2C-100274,Aarav Sharma,Jaipur,Paid,Card,506.49,INR
INV/2026/4275,11/08/2026,order_lHUbUe7KyZesKU,RCPT-D2C-100275,Anika Menon,Kolkata,Paid,Upi,527.03,INR
INV/2026/4277,21/08/2026,order_W1VEETHeLvdo97,RCPT-D2C-100277,Anika Sharma,Noida,Paid,Upi,906.91,INR
INV/2026/4278,02/08/2026,order_Mx5A8P9Uv42gDC,RCPT-D2C-100278,Aarav Reddy,Bengaluru,Paid,Upi,3698.80,INR
INV/2026/4279,13/08/2026,order_1rtodUkRx63idB,RCPT-D2C-100279,Vivaan Sharma,Mumbai,Paid,Upi,781.00,INR
INV/2026/4281,25/08/2026,order_AxMVaNvcs74OTC,RCPT-D2C-100281,Myra Khan,Noida,Paid,Upi,1675.61,INR
INV/2026/4282,13/08/2026,order_OnkaZPRWJp3Vod,RCPT-D2C-100282,Aditi Bhat,Bengaluru,Paid,Upi,800.78,INR
INV/2026/4283,07/08/2026,order_uIEHOvqoI2BKfK,RCPT-D2C-100283,Aditi Joshi,Noida,Paid,Upi,1195.77,INR
INV/2026/4284,16/08/2026,order_OF5edqN10e5IH8,RCPT-D2C-100284,Ananya Sharma,Chennai,Paid,Upi,917.91,INR
INV/2026/4285,18/08/2026,order_xHKcWHMk3071YR,RCPT-D2C-100285,Aditi Kulkarni,Jaipur,Paid,Upi,1528.55,INR
INV/2026/4286,14/08/2026,order_fi8KNPLJZEeWs4,RCPT-D2C-100286,Vihaan Khan,Mumbai,Paid,Upi,2136.21,INR
INV/2026/4286-DUP,14/08/2026,order_fi8KNPLJZEeWs4,RCPT-D2C-100286,Vihaan Khan,Mumbai,Paid,Upi,2136.21,INR
INV/2026/4287,19/08/2026,order_9VX8uZkbji1sKx,RCPT-D2C-100287,Diya Bose,Coimbatore,Paid,Upi,1689.04,INR
INV/2026/4289,16/08/2026,order_FXSJWxUUvafmy0,RCPT-D2C-100289,Arjun Patel,Chennai,Paid,Upi,2541.28,INR
INV/2026/4290,11/08/2026,order_5vTXapfSY6gXMR,RCPT-D2C-100290,Rehan Das,Pune,Paid,Wallet,227.82,INR
INV/2026/4291,18/08/2026,order_0OeF54eXQ2J6fI,RCPT-D2C-100291,Kavya Sethi,Surat,Paid,Upi,443.86,INR
INV/2026/4292,08/08/2026,order_PpIng6l9dIeAJN,RCPT-D2C-100292,Vivaan Bose,Hyderabad,Paid,Upi,1295.79,INR
INV/2026/4293,02/08/2026,order_3cKGUdUhYyLLJR,RCPT-D2C-100293,Rehan Reddy,Mumbai,Paid,Wallet,1206.39,INR
INV/2026/4294,14/08/2026,order_IigGelvc1UF1Us,RCPT-D2C-100294,Myra Reddy,Chennai,Paid,Upi,1225.21,INR
INV/2026/4295,16/08/2026,order_QkQN36HGyV5Pjm,RCPT-D2C-100295,Ishaan Patel,Jaipur,Paid,Upi,665.92,INR
INV/2026/4296,17/08/2026,order_PEkc2DXrbdkYmo,RCPT-D2C-100296,Diya Rao,Jaipur,Paid,Upi,1044.02,INR
INV/2026/4297,23/08/2026,order_OYw0fPWVQI1T5r,RCPT-D2C-100297,Vihaan Sharma,Bengaluru,Paid,Card,2124.80,INR
INV/2026/4297-DUP,23/08/2026,order_OYw0fPWVQI1T5r,RCPT-D2C-100297,Vihaan Sharma,Bengaluru,Paid,Card,2124.80,INR
INV/2026/4298,22/08/2026,order_Topkf7fjs6aeBh,RCPT-D2C-100298,Diya Bhat,Bengaluru,Paid,Upi,862.23,INR
INV/2026/4299,16/08/2026,order_YmGpngCCYch1Bm,RCPT-D2C-100299,Vivaan Reddy,Indore,Paid,Upi,1486.79,INR
INV/2026/4300,03/08/2026,order_ltWAHE7j29xnc4,RCPT-D2C-100300,Sara Menon,Coimbatore,Paid,Upi,622.69,INR
INV/2026/4301,05/08/2026,order_Ut6Ly1iu5JfiUQ,RCPT-D2C-100301,Aditi Verma,Hyderabad,Paid,Card,241.50,INR
INV/2026/4302,08/08/2026,order_UDt8nbezqNhlLE,RCPT-D2C-100302,Arjun Bose,Hyderabad,Paid,Upi,613.06,INR
INV/2026/4303,19/08/2026,order_SczHpKmvpRS10i,RCPT-D2C-100303,Aarav Verma,Chennai,Paid,Card,1400.27,INR
INV/2026/4304,03/08/2026,order_zqDVB7n5sVRmgM,RCPT-D2C-100304,Vivaan Bose,Mumbai,Paid,Upi,841.16,INR
INV/2026/4305,04/08/2026,order_NYbTmXhy3X5iUN,RCPT-D2C-100305,Vihaan Sethi,Mumbai,Paid,Upi,1701.71,INR
INV/2026/4306,24/08/2026,order_yI8WtMjd03z9oy,RCPT-D2C-100306,Ishaan Rao,Mumbai,Paid,Upi,1327.40,INR
INV/2026/4307,24/08/2026,order_EiNo4cjd09jRph,RCPT-D2C-100307,Arjun Patel,Pune,Paid,Upi,841.63,INR
INV/2026/4308,03/08/2026,order_taUZzh2RD8gMtI,RCPT-D2C-100308,Vivaan Patel,Kochi,Paid,Upi,3323.17,INR
INV/2026/4309,12/08/2026,order_tVSOdljWtnpbaF,RCPT-D2C-100309,Rehan Gupta,Chennai,Paid,Upi,1495.43,INR
INV/2026/4310,06/08/2026,order_mwqicvF2Xe87XH,RCPT-D2C-100310,Vihaan Joshi,Hyderabad,Paid,Card,1615.47,INR
INV/2026/4311,17/08/2026,order_B2IMX3SnRnUbIb,RCPT-D2C-100311,Rehan Das,Gurugram,Paid,Upi,364.66,INR
INV/2026/4312,14/08/2026,order_pNYLgTMzDONoIC,RCPT-D2C-100312,Vivaan Reddy,Kolkata,Paid,Card,586.01,INR
INV/2026/4313,13/08/2026,order_q1wY7mDjqMiCIv,RCPT-D2C-100313,Aarav Kulkarni,Bengaluru,Paid,Upi,718.51,INR
INV/2026/4314,08/08/2026,order_ZyElldOCsdLYse,RCPT-D2C-100314,Advait Bose,Ahmedabad,Paid,Upi,495.26,INR
INV/2026/4315,13/08/2026,order_rf1nzld7ZSybp1,RCPT-D2C-100315,Kavya Iyer,Bengaluru,Paid,Upi,708.27,INR
INV/2026/4316,20/08/2026,order_LstHxsc7owFieW,RCPT-D2C-100316,Ishaan Joshi,Kochi,Paid,Card,1233.34,INR
INV/2026/4317,15/08/2026,order_AaZO4ebteX2qvf,RCPT-D2C-100317,Kavya Joshi,Hyderabad,Paid,Upi,673.31,INR
INV/2026/4318,10/08/2026,order_O1mHHqhApmFzjc,RCPT-D2C-100318,Ishaan Menon,Noida,Paid,Wallet,385.69,INR
INV/2026/4319,23/08/2026,order_nzYQeEhtqJKe1z,RCPT-D2C-100319,Sara Joshi,Kolkata,Paid,Upi,2636.36,INR
INV/2026/4320,12/08/2026,order_KKNUHOuMVnBUEx,RCPT-D2C-100320,Vivaan Nair,Chennai,Paid,Upi,1403.08,INR
INV/2026/4321,17/08/2026,order_0iRtFVAegejvxE,RCPT-D2C-100321,Arjun Das,Jaipur,Paid,Wallet,1443.08,INR
INV/2026/4322,16/08/2026,order_9feqwSg6jncEK0,RCPT-D2C-100322,Aditi Reddy,Surat,Paid,Upi,1410.35,INR
INV/2026/4323,01/08/2026,order_9ZnfhgiN8Qf2K2,RCPT-D2C-100323,Ishaan Sharma,Ahmedabad,Paid,Card,633.45,INR
INV/2026/4324,14/08/2026,order_cq8iWrAHFAuQaG,RCPT-D2C-100324,Kavya Rao,Surat,Paid,Upi,1350.34,INR
INV/2026/4325,03/08/2026,order_FP6eFAjCHcqIR4,RCPT-D2C-100325,Vivaan Rao,Coimbatore,Paid,Upi,1115.17,INR
INV/2026/4326,02/08/2026,order_ulg922GSmXyuxW,RCPT-D2C-100326,Vihaan Reddy,Ahmedabad,Paid,Upi,1424.00,INR
INV/2026/4328,01/08/2026,order_PpnTH0ZFeCH9XO,RCPT-D2C-100328,Advait Gupta,Coimbatore,Paid,Card,980.76,INR
INV/2026/4329,22/08/2026,order_NlmfvwjiQRNhzN,RCPT-D2C-100329,Myra Gupta,Gurugram,Paid,Upi,295.35,INR
INV/2026/4330,23/08/2026,order_WNf9SdPuTXisg7,RCPT-D2C-100330,Kabir Kulkarni,Kolkata,Paid,Upi,449.30,INR
INV/2026/4331,11/08/2026,order_5XIADMUV6LqefI,RCPT-D2C-100331,Advait Khan,Gurugram,Paid,Upi,1074.05,INR
INV/2026/4332,01/08/2026,order_DFS3bovJnlpExO,RCPT-D2C-100332,Ishaan Menon,Gurugram,Paid,Upi,1526.88,INR
INV/2026/4333,02/08/2026,order_G2yAiSz4VvCCGj,RCPT-D2C-100333,Myra Das,Kochi,Paid,Card,382.69,INR
INV/2026/4334,23/08/2026,order_scAK1z5kX4hIpa,RCPT-D2C-100334,Anika Sethi,Bengaluru,Paid,Upi,876.16,INR
INV/2026/4335,16/08/2026,order_hNvGx5YcK69tmf,RCPT-D2C-100335,Vivaan Reddy,Bengaluru,Paid,Upi,760.95,INR
INV/2026/4336,13/08/2026,order_uxqmQ7fxToZ69F,RCPT-D2C-100336,Diya Sharma,Indore,Paid,Upi,1427.80,INR
INV/2026/4337,03/08/2026,order_JtW7jL9YbvqyAF,RCPT-D2C-100337,Arjun Menon,Mumbai,Paid,Card,1644.58,INR
INV/2026/4338,19/08/2026,order_ljj9BxZHPigW7Q,RCPT-D2C-100338,Anika Das,Kochi,Paid,Upi,1195.47,INR
INV/2026/4339,17/08/2026,order_YDtuMPnOBkM9LT,RCPT-D2C-100339,Aarav Nair,Mumbai,Paid,Upi,950.05,INR
INV/2026/4340,20/08/2026,order_LkWNQL0V9wr5c8,RCPT-D2C-100340,Ananya Khan,Mumbai,Paid,Wallet,992.16,INR
INV/2026/4341,06/08/2026,order_5TN12CZo8VQavi,RCPT-D2C-100341,Advait Gupta,Kolkata,Paid,Upi,792.80,INR
INV/2026/4342,12/08/2026,order_2bXD0mQOlNPoU7,RCPT-D2C-100342,Rehan Verma,Chennai,Paid,Card,915.55,INR
INV/2026/4343,16/08/2026,order_EGswWhmKn47CbM,RCPT-D2C-100343,Vivaan Menon,Pune,Paid,Wallet,483.89,INR
INV/2026/4344,25/08/2026,order_weaNLHcPav2klI,RCPT-D2C-100344,Arjun Nair,Kochi,Paid,Upi,999.17,INR
INV/2026/4345,25/08/2026,order_hDU7q88AD4fGIn,RCPT-D2C-100345,Advait Sharma,Surat,Paid,Upi,854.77,INR
INV/2026/4346,09/08/2026,order_PvDmWOJFkvSceH,RCPT-D2C-100346,Ananya Das,Ahmedabad,Paid,Wallet,3489.95,INR
INV/2026/4347,12/08/2026,order_MALrRxJVdEutUp,RCPT-D2C-100347,Arjun Verma,Hyderabad,Paid,Card,889.19,INR
INV/2026/4348,22/08/2026,order_hKO9heAfCf9m4y,RCPT-D2C-100348,Sara Khan,Surat,Paid,Upi,848.26,INR
INV/2026/4350,21/08/2026,order_FSNl4dUBEPsV8p,RCPT-D2C-100350,Arjun Das,Jaipur,Paid,Card,785.68,INR
INV/2026/4351,11/08/2026,order_f0KcldufXHOdsN,RCPT-D2C-100351,Aditi Kulkarni,Jaipur,Paid,Card,1611.62,INR
INV/2026/4352,10/08/2026,order_BBHbTeIJbOXdut,RCPT-D2C-100352,Vihaan Verma,Kochi,Paid,Upi,667.63,INR
INV/2026/4353,05/08/2026,order_BGvTyUUASuFsnS,RCPT-D2C-100353,Sara Khan,Coimbatore,Paid,Upi,745.77,INR
INV/2026/4354,13/08/2026,order_1XwXt10J699ui9,RCPT-D2C-100354,Aarav Rao,Kolkata,Paid,Upi,1694.09,INR
INV/2026/4355,25/08/2026,order_1kwsewjKzbfUek,RCPT-D2C-100355,Rehan Rao,Jaipur,Paid,Wallet,886.40,INR
INV/2026/4356,13/08/2026,order_NXuZuCwcanHM2i,RCPT-D2C-100356,Anika Joshi,Coimbatore,Paid,Card,888.98,INR
INV/2026/4357,15/08/2026,order_TmrMX1y2flpvGR,RCPT-D2C-100357,Kabir Sharma,Kolkata,Paid,Upi,675.79,INR
INV/2026/4358,08/08/2026,order_2qDLFyyjgpjT8w,RCPT-D2C-100358,Rehan Khan,Coimbatore,Paid,Netbanking,236.21,INR
INV/2026/4359,17/08/2026,order_mvX8vMvpYMCl1E,RCPT-D2C-100359,Advait Verma,Bengaluru,Paid,Upi,2880.33,INR
INV/2026/4360,14/08/2026,order_MQGCyGTRUh38rL,RCPT-D2C-100360,Vihaan Joshi,Mumbai,Paid,Upi,2607.29,INR
INV/2026/4361,12/08/2026,order_JsGKZatD7F3W44,RCPT-D2C-100361,Anika Rao,Kolkata,Paid,Upi,445.76,INR
INV/2026/4362,16/08/2026,order_OSHlmxPHnfpMPp,RCPT-D2C-100362,Reyansh Bose,Chennai,Paid,Card,424.31,INR
INV/2026/4363,09/08/2026,order_flDMsogZzufv5Q,RCPT-D2C-100363,Kabir Iyer,Kochi,Paid,Upi,1489.60,INR
INV/2026/4364,12/08/2026,order_Fc307tG0qQcgDi,RCPT-D2C-100364,Aarav Khan,Coimbatore,Paid,Wallet,1854.69,INR
INV/2026/4364-DUP,12/08/2026,order_Fc307tG0qQcgDi,RCPT-D2C-100364,Aarav Khan,Coimbatore,Paid,Wallet,1854.69,INR
INV/2026/4365,07/08/2026,order_KroYOwBGI2LiUd,RCPT-D2C-100365,Aarav Das,Chennai,Paid,Upi,1286.21,INR
INV/2026/4366,02/08/2026,order_Jmuj6H5V22bCgf,RCPT-D2C-100366,Aditi Reddy,Bengaluru,Paid,Card,2668.85,INR
INV/2026/4367,17/08/2026,order_a6gRmDo5SEryIm,RCPT-D2C-100367,Vivaan Verma,Mumbai,Paid,Upi,891.84,INR
INV/2026/4368,18/08/2026,order_GU2YaNxu3bBL6b,RCPT-D2C-100368,Vivaan Rao,Bengaluru,Paid,Wallet,634.43,INR
INV/2026/4369,17/08/2026,order_53uek68T4Mvii3,RCPT-D2C-100369,Arjun Joshi,Pune,Paid,Card,364.29,INR
INV/2026/4370,13/08/2026,order_HKI69qqu2zSer0,RCPT-D2C-100370,Advait Gupta,Chennai,Paid,Card,163.88,INR
INV/2026/4371,22/08/2026,order_wohjZnwLneZ13n,RCPT-D2C-100371,Sara Kulkarni,Surat,Paid,Upi,607.12,INR
INV/2026/4372,15/08/2026,order_ukyClIsrfIZ5wD,RCPT-D2C-100372,Aditi Verma,Pune,Paid,Upi,1436.28,INR
INV/2026/4373,20/08/2026,order_JWn6tBXsldHh61,RCPT-D2C-100373,Advait Rao,Noida,Paid,Upi,614.13,INR
INV/2026/4374,23/08/2026,order_lFv4pyqXQdVlQz,RCPT-D2C-100374,Kavya Verma,Kolkata,Paid,Card,1932.88,INR
INV/2026/4375,06/08/2026,order_8BxKj2WIGmJYWr,RCPT-D2C-100375,Vivaan Sethi,Coimbatore,Paid,Upi,551.82,INR
INV/2026/4376,25/08/2026,order_04kF8BV8TMJ0EZ,RCPT-D2C-100376,Aarav Khan,Noida,Paid,Upi,760.50,INR
INV/2026/4377,02/08/2026,order_cgtPwbQvtgLDLW,RCPT-D2C-100377,Diya Khan,Surat,Paid,Upi,1376.90,INR
INV/2026/4378,18/08/2026,order_zDUME4mqwWYdUk,RCPT-D2C-100378,Reyansh Bose,Pune,Paid,Upi,815.43,INR
INV/2026/4379,22/08/2026,order_RhuZte6barEVzL,RCPT-D2C-100379,Anika Sethi,Ahmedabad,Paid,Netbanking,642.83,INR
INV/2026/4380,01/08/2026,order_hYvd2ScKcq1owF,RCPT-D2C-100380,Kabir Sharma,Chennai,Paid,Card,2003.20,INR
INV/2026/4381,12/08/2026,order_WO0SbwZuoGC0pI,RCPT-D2C-100381,Ananya Patel,Noida,Paid,Upi,430.51,INR
INV/2026/4382,11/08/2026,order_uXrrqLbicR6xXg,RCPT-D2C-100382,Myra Rao,Gurugram,Paid,Upi,584.40,INR
INV/2026/4383,23/08/2026,order_tUXgx6rH1xsDYV,RCPT-D2C-100383,Advait Verma,Jaipur,Paid,Upi,1683.66,INR
INV/2026/4384,02/08/2026,order_aAHIAc1edocSB7,RCPT-D2C-100384,Aarav Sethi,Coimbatore,Paid,Upi,554.01,INR
INV/2026/4385,24/08/2026,order_D2do7mhbG0FiEW,RCPT-D2C-100385,Rehan Menon,Indore,Paid,Upi,1804.92,INR
INV/2026/4386,15/08/2026,order_mChSuoHgCvV3L3,RCPT-D2C-100386,Myra Menon,Kochi,Paid,Upi,385.70,INR
INV/2026/4387,08/08/2026,order_lcPMcHMsusvwrE,RCPT-D2C-100387,Diya Reddy,Jaipur,Paid,Wallet,1597.46,INR
INV/2026/4388,05/08/2026,order_gHdW6YCIy8wt5T,RCPT-D2C-100388,Advait Gupta,Indore,Paid,Upi,2466.49,INR
INV/2026/4389,16/08/2026,order_WePU0s8X7SKcBq,RCPT-D2C-100389,Reyansh Das,Kolkata,Paid,Wallet,569.34,INR
INV/2026/4390,03/08/2026,order_cw4IT9cGThiCpv,RCPT-D2C-100390,Vivaan Verma,Chennai,Paid,Upi,410.80,INR
INV/2026/4391,18/08/2026,order_tBEjIktiCu3cgb,RCPT-D2C-100391,Advait Rao,Kolkata,Paid,Card,2754.01,INR
INV/2026/4392,25/08/2026,order_jhGukr74PwxOQq,RCPT-D2C-100392,Diya Sharma,Surat,Paid,Upi,788.76,INR
INV/2026/4393,20/08/2026,order_uwXslLJbmOpTPx,RCPT-D2C-100393,Arjun Sharma,Kolkata,Paid,Upi,886.44,INR
INV/2026/4394,17/08/2026,order_7OhWfMiPLfcJSP,RCPT-D2C-100394,Aarav Verma,Jaipur,Paid,Upi,820.13,INR
INV/2026/4395,23/08/2026,order_OIEaz4s0R0a67O,RCPT-D2C-100395,Reyansh Gupta,Noida,Paid,Upi,394.61,INR
INV/2026/4396,18/08/2026,order_DNmIUsdXBkCX2R,RCPT-D2C-100396,Ananya Verma,Noida,Paid,Upi,1871.86,INR
INV/2026/4397,01/08/2026,order_vbVGKQo3NSR5D1,RCPT-D2C-100397,Advait Menon,Surat,Paid,Upi,1019.88,INR
INV/2026/4398,25/08/2026,order_IfktSsGFtqjZRd,RCPT-D2C-100398,Advait Nair,Chennai,Paid,Upi,1874.33,INR
INV/2026/4399,21/08/2026,order_oS4UmyxaHH3l7m,RCPT-D2C-100399,Aditi Bose,Noida,Paid,Wallet,988.99,INR
INV/2026/4400,20/08/2026,order_nMr2LkUIUhixO4,RCPT-D2C-100400,Arjun Khan,Jaipur,Paid,Card,1588.96,INR
INV/2026/4401,13/08/2026,order_slkXS66fQeTBMc,RCPT-D2C-100401,Vivaan Reddy,Mumbai,Paid,Netbanking,574.03,INR
INV/2026/4402,11/08/2026,order_dF55AD6mrcuh6X,RCPT-D2C-100402,Ananya Das,Pune,Paid,Upi,883.46,INR
INV/2026/4403,07/08/2026,order_EkbTUAiHm1c9S9,RCPT-D2C-100403,Vivaan Bose,Surat,Paid,Card,670.47,INR
INV/2026/4404,10/08/2026,order_j4BLjaBMeUnAie,RCPT-D2C-100404,Anika Menon,Surat,Paid,Upi,1089.22,INR
INV/2026/4405,18/08/2026,order_mY8J8kaVzpUuXr,RCPT-D2C-100405,Kavya Kulkarni,Mumbai,Paid,Upi,1379.21,INR
INV/2026/4406,12/08/2026,order_e0qhpgmWGLsNIF,RCPT-D2C-100406,Diya Iyer,Kolkata,Paid,Upi,1048.91,INR
INV/2026/4407,19/08/2026,order_IvYX5OXCqcHwQq,RCPT-D2C-100407,Diya Verma,Hyderabad,Paid,Upi,968.61,INR
INV/2026/4408,22/08/2026,order_zlaZjEKDuN0nlD,RCPT-D2C-100408,Aarav Bose,Hyderabad,Paid,Upi,332.44,INR
INV/2026/4409,18/08/2026,order_Oj8TSLpa7bLbIQ,RCPT-D2C-100409,Vihaan Reddy,Indore,Paid,Upi,998.77,INR
INV/2026/4410,25/08/2026,order_tkcsQVIhpswmZV,RCPT-D2C-100410,Aditi Khan,Kochi,Paid,Upi,1736.32,INR
INV/2026/4411,01/08/2026,order_eVBC6KhYQLCOkp,RCPT-D2C-100411,Diya Menon,Hyderabad,Paid,Netbanking,1056.30,INR
INV/2026/4412,23/08/2026,order_zH8TY2gMUYW89b,RCPT-D2C-100412,Rehan Verma,Mumbai,Paid,Upi,2687.34,INR
INV/2026/4413,10/08/2026,order_r1cfhgIXP9WIW4,RCPT-D2C-100413,Reyansh Menon,Gurugram,Paid,Wallet,1475.68,INR
INV/2026/4414,19/08/2026,order_icRkLh6WOFCvax,RCPT-D2C-100414,Arjun Sethi,Kochi,Paid,Wallet,1136.93,INR
INV/2026/4415,08/08/2026,order_PYbRvzrpWTbvzL,RCPT-D2C-100415,Ananya Bose,Jaipur,Paid,Upi,1727.62,INR
INV/2026/4416,15/08/2026,order_txpO8AvRYoR5C6,RCPT-D2C-100416,Advait Sharma,Noida,Paid,Upi,467.46,INR
INV/2026/4417,17/08/2026,order_xgdWN5HnFVHpaJ,RCPT-D2C-100417,Anika Patel,Indore,Paid,Netbanking,591.82,INR
INV/2026/4418,16/08/2026,order_mZqbuVd4ZOOrJd,RCPT-D2C-100418,Rehan Reddy,Pune,Paid,Card,1592.79,INR
INV/2026/4419,17/08/2026,order_XbiqriVqX9udfn,RCPT-D2C-100419,Ananya Sharma,Ahmedabad,Paid,Card,465.42,INR
INV/2026/4420,19/08/2026,order_XZdVPPEyV3CRZk,RCPT-D2C-100420,Aarav Gupta,Kolkata,Paid,Upi,724.01,INR
INV/2026/4421,18/08/2026,order_DgFG3TgNcvyymO,RCPT-D2C-100421,Ananya Kulkarni,Mumbai,Paid,Netbanking,446.27,INR
INV/2026/4422,11/08/2026,order_n1cVn1JpuBAYos,RCPT-D2C-100422,Diya Nair,Chennai,Paid,Upi,397.09,INR
INV/2026/4423,19/08/2026,order_BuTO89RISScm4q,RCPT-D2C-100423,Aarav Nair,Surat,Paid,Card,2758.88,INR
INV/2026/4424,21/08/2026,order_NlbG5n7Az73NYj,RCPT-D2C-100424,Anika Sharma,Hyderabad,Paid,Wallet,695.92,INR
INV/2026/4425,08/08/2026,order_cQtuFfTPcpA2GF,RCPT-D2C-100425,Diya Iyer,Jaipur,Paid,Card,590.90,INR
INV/2026/4426,07/08/2026,order_yCDxFG6kGRWKr8,RCPT-D2C-100426,Aditi Bhat,Mumbai,Paid,Upi,446.55,INR
INV/2026/4427,04/08/2026,order_uuJduOOQzVEF6I,RCPT-D2C-100427,Aarav Gupta,Pune,Paid,Upi,590.29,INR
INV/2026/4428,21/08/2026,order_rXXNQhhu8OGmQS,RCPT-D2C-100428,Aarav Reddy,Indore,Paid,Upi,1152.82,INR
INV/2026/4429,03/08/2026,order_fiT5eIMvdm24HV,RCPT-D2C-100429,Anika Das,Surat,Paid,Upi,424.59,INR
INV/2026/4430,21/08/2026,order_bQwAVnJXKcRsne,RCPT-D2C-100430,Kavya Verma,Ahmedabad,Paid,Upi,2375.71,INR
INV/2026/4431,04/08/2026,order_sImofFFJ6AThaL,RCPT-D2C-100431,Ananya Patel,Pune,Paid,Upi,1344.85,INR
INV/2026/4432,06/08/2026,order_ppuzUFDDc86Rj8,RCPT-D2C-100432,Arjun Patel,Mumbai,Paid,Upi,562.38,INR
INV/2026/4433,24/08/2026,order_gRwZxpoInKDn5B,RCPT-D2C-100433,Kabir Iyer,Kochi,Paid,Upi,687.73,INR
INV/2026/4434,04/08/2026,order_vcQ24HaWMlabIa,RCPT-D2C-100434,Aarav Verma,Mumbai,Paid,Upi,706.88,INR
INV/2026/4435,02/08/2026,order_2tAm4mLu5Nw2cM,RCPT-D2C-100435,Kabir Sethi,Noida,Paid,Upi,288.24,INR
INV/2026/4436,11/08/2026,order_yMwhVQ8WCXTDPt,RCPT-D2C-100436,Myra Patel,Kochi,Paid,Upi,512.38,INR
INV/2026/4437,11/08/2026,order_BP8koR63vqDgvc,RCPT-D2C-100437,Kavya Sharma,Indore,Paid,Upi,1483.47,INR
INV/2026/4438,09/08/2026,order_QvCUjR6hCuytxV,RCPT-D2C-100438,Aarav Verma,Noida,Paid,Upi,1211.31,INR
INV/2026/4439,25/08/2026,order_tNayfA7MpEIl2I,RCPT-D2C-100439,Anika Iyer,Coimbatore,Paid,Upi,353.74,INR
INV/2026/4440,18/08/2026,order_3ItL6Nkxmrlt2z,RCPT-D2C-100440,Rehan Sharma,Kochi,Paid,Wallet,1842.85,INR
INV/2026/4441,20/08/2026,order_0Hrw3EqxS1lm2i,RCPT-D2C-100441,Vihaan Reddy,Kolkata,Paid,Card,2526.33,INR
INV/2026/4442,10/08/2026,order_3w3oEDBC2NXwWF,RCPT-D2C-100442,Sara Iyer,Pune,Paid,Card,2201.88,INR
INV/2026/4443,23/08/2026,order_Ijiiz5kuWC7Syg,RCPT-D2C-100443,Kabir Sethi,Kolkata,Paid,Wallet,446.25,INR
INV/2026/4444,11/08/2026,order_8hLOq5HahZJv3x,RCPT-D2C-100444,Rehan Verma,Jaipur,Paid,Upi,255.64,INR
INV/2026/4445,14/08/2026,order_KxFtAn1LPgA1Vy,RCPT-D2C-100445,Ishaan Bhat,Bengaluru,Paid,Upi,800.38,INR
INV/2026/4446,01/08/2026,order_1kIfLDX6SPNx7N,RCPT-D2C-100446,Aditi Gupta,Chennai,Paid,Upi,1561.88,INR
INV/2026/4447,10/08/2026,order_8uBo1spojgGMH6,RCPT-D2C-100447,Anika Verma,Hyderabad,Paid,Upi,404.19,INR
INV/2026/4448,18/08/2026,order_5yhZtQI5uoku7h,RCPT-D2C-100448,Diya Joshi,Surat,Paid,Card,609.83,INR
INV/2026/4449,11/08/2026,order_0d8C0VUgHDcer5,RCPT-D2C-100449,Rehan Sethi,Jaipur,Paid,Upi,680.25,INR
INV/2026/4450,05/08/2026,order_xeFJJBhDkYGc3A,RCPT-D2C-100450,Sara Sharma,Chennai,Paid,Upi,799.01,INR
INV/2026/4451,13/08/2026,order_iNN9Lsth7N9PiJ,RCPT-D2C-100451,Reyansh Khan,Noida,Paid,Upi,761.30,INR
INV/2026/4452,01/08/2026,order_hNaVYGnKMFgesw,RCPT-D2C-100452,Aditi Bhat,Chennai,Paid,Upi,778.04,INR
INV/2026/4453,02/08/2026,order_LOK4yPCmy77dRb,RCPT-D2C-100453,Aditi Khan,Kochi,Paid,Upi,1305.58,INR
INV/2026/4454,06/08/2026,order_Lnd3uMugN6OkWy,RCPT-D2C-100454,Kabir Bhat,Kochi,Paid,Upi,829.53,INR
INV/2026/4455,23/08/2026,order_dYQNzRtiAQGxJ0,RCPT-D2C-100455,Vivaan Khan,Mumbai,Paid,Upi,187.53,INR
INV/2026/4456,13/08/2026,order_c6kJwQSGJMAY8t,RCPT-D2C-100456,Arjun Kulkarni,Surat,Paid,Upi,836.46,INR
INV/2026/4457,09/08/2026,order_DsCuyBL7blpyrR,RCPT-D2C-100457,Ishaan Das,Gurugram,Paid,Card,1556.77,INR
INV/2026/4458,07/08/2026,order_wVVP826c52lfmX,RCPT-D2C-100458,Kabir Iyer,Mumbai,Paid,Upi,1441.88,INR
INV/2026/4459,20/08/2026,order_2DTsyMLMF2JyeE,RCPT-D2C-100459,Rehan Menon,Kochi,Paid,Upi,760.40,INR
INV/2026/4460,05/08/2026,order_qymjMwrVFv1GWt,RCPT-D2C-100460,Vivaan Menon,Kolkata,Paid,Upi,621.31,INR
INV/2026/4461,17/08/2026,order_VjMs4296VMLg62,RCPT-D2C-100461,Arjun Reddy,Mumbai,Paid,Upi,1263.34,INR
INV/2026/4462,04/08/2026,order_uSzrrFcAavMtPj,RCPT-D2C-100462,Myra Kulkarni,Kolkata,Paid,Upi,421.72,INR
INV/2026/4463,14/08/2026,order_kAidod2ANJKfwe,RCPT-D2C-100463,Diya Iyer,Surat,Paid,Upi,1403.89,INR
INV/2026/4464,12/08/2026,order_9On0dwQfz7zDz6,RCPT-D2C-100464,Ishaan Sethi,Bengaluru,Paid,Upi,1183.81,INR
INV/2026/4465,10/08/2026,order_KNqdC2PU8ldzkP,RCPT-D2C-100465,Rehan Rao,Coimbatore,Paid,Upi,1192.46,INR
INV/2026/4466,11/08/2026,order_dWHB2GboIi3Ix7,RCPT-D2C-100466,Advait Sharma,Hyderabad,Paid,Upi,1100.55,INR
INV/2026/4467,13/08/2026,order_UQNVIVXYZzdP8V,RCPT-D2C-100467,Kabir Patel,Ahmedabad,Paid,Upi,387.07,INR
INV/2026/4468,23/08/2026,order_g4EAd82Kk2RKNg,RCPT-D2C-100468,Aditi Menon,Pune,Paid,Upi,1117.50,INR
INV/2026/4469,15/08/2026,order_6ChsWHHPe9nWkv,RCPT-D2C-100469,Vihaan Iyer,Kolkata,Paid,Upi,2850.38,INR
INV/2026/4470,11/08/2026,order_N8ksQdhRHtEacU,RCPT-D2C-100470,Arjun Joshi,Coimbatore,Paid,Upi,527.46,INR
INV/2026/4471,04/08/2026,order_pJmO6vxpqoi84O,RCPT-D2C-100471,Kabir Reddy,Kolkata,Paid,Upi,1983.73,INR
INV/2026/4472,18/08/2026,order_hSUHr3cE05rvQQ,RCPT-D2C-100472,Reyansh Iyer,Bengaluru,Paid,Upi,1463.09,INR
INV/2026/4472-DUP,18/08/2026,order_hSUHr3cE05rvQQ,RCPT-D2C-100472,Reyansh Iyer,Bengaluru,Paid,Upi,1463.09,INR
INV/2026/4473,16/08/2026,order_yxXfuRdKmEaihP,RCPT-D2C-100473,Ishaan Nair,Coimbatore,Paid,Upi,783.90,INR
INV/2026/4474,22/08/2026,order_BCAIZGoW7eycUA,RCPT-D2C-100474,Aarav Kulkarni,Kolkata,Paid,Upi,701.70,INR
INV/2026/4475,22/08/2026,order_AsNRLhFtDAw2Es,RCPT-D2C-100475,Arjun Kulkarni,Kolkata,Paid,Upi,897.20,INR
INV/2026/4476,08/08/2026,order_jkx9Be4cyBMUPe,RCPT-D2C-100476,Anika Das,Mumbai,Paid,Netbanking,1866.65,INR
INV/2026/4477,20/08/2026,order_E1nbn1Mckz7b5E,RCPT-D2C-100477,Anika Reddy,Kochi,Paid,Netbanking,874.07,INR
INV/2026/4478,06/08/2026,order_pXiXotqhZrAqXo,RCPT-D2C-100478,Vivaan Iyer,Coimbatore,Paid,Card,560.96,INR
INV/2026/4479,17/08/2026,order_5fhJSfX2OXQvIb,RCPT-D2C-100479,Vivaan Patel,Mumbai,Paid,Upi,629.74,INR
INV/2026/4480,01/08/2026,order_4VIzntv7tkJXUQ,RCPT-D2C-100480,Ananya Sharma,Hyderabad,Paid,Upi,1507.75,INR
INV/2026/4481,06/08/2026,order_HEeFH3uUdLgL3v,RCPT-D2C-100481,Rehan Verma,Ahmedabad,Paid,Upi,515.28,INR
INV/2026/4482,19/08/2026,order_1LKAd0DMEJmqGP,RCPT-D2C-100482,Kabir Gupta,Chennai,Paid,Upi,896.81,INR
INV/2026/4483,24/08/2026,order_ip4VieEj8a9cQ2,RCPT-D2C-100483,Vihaan Joshi,Gurugram,Paid,Card,2610.20,INR
INV/2026/4484,21/08/2026,order_UcT8hz7kCDJ2xj,RCPT-D2C-100484,Ishaan Sharma,Pune,Paid,Card,984.99,INR
INV/2026/4485,07/08/2026,order_DwbflVbEBq8Cqg,RCPT-D2C-100485,Arjun Patel,Gurugram,Paid,Upi,546.83,INR
INV/2026/4486,14/08/2026,order_YMH3sWAT3aEy1b,RCPT-D2C-100486,Advait Gupta,Surat,Paid,Upi,578.95,INR
INV/2026/4487,14/08/2026,order_GvsjSJDeKI2xKb,RCPT-D2C-100487,Arjun Sharma,Ahmedabad,Paid,Upi,1666.48,INR
INV/2026/4488,09/08/2026,order_EFGWOVwtxWsYXP,RCPT-D2C-100488,Anika Das,Jaipur,Paid,Card,1155.42,INR
INV/2026/4489,17/08/2026,order_F0O3vZzng7AbuO,RCPT-D2C-100489,Arjun Bose,Ahmedabad,Paid,Upi,3004.69,INR
INV/2026/4490,07/08/2026,order_RpZB8nOVgQbpBo,RCPT-D2C-100490,Sara Iyer,Gurugram,Paid,Card,1829.52,INR
INV/2026/4491,25/08/2026,order_7Dn2FLiSIiQ0tr,RCPT-D2C-100491,Myra Sethi,Hyderabad,Paid,Card,990.95,INR
INV/2026/4492,09/08/2026,order_2e8p0E0GlcPGS3,RCPT-D2C-100492,Diya Sharma,Kochi,Paid,Card,1153.53,INR
INV/2026/4493,07/08/2026,order_Gxxht0Ct8mSdwh,RCPT-D2C-100493,Sara Iyer,Mumbai,Paid,Upi,1345.19,INR
INV/2026/4494,17/08/2026,order_EPq3HDIhrr9Euv,RCPT-D2C-100494,Aarav Sharma,Bengaluru,Paid,Card,905.62,INR
INV/2026/4495,03/08/2026,order_MtiRcJqBwjrHyq,RCPT-D2C-100495,Advait Kulkarni,Noida,Paid,Upi,516.58,INR
INV/2026/4496,03/08/2026,order_ILkE8Sx2luSGrD,RCPT-D2C-100496,Ishaan Verma,Kolkata,Paid,Card,830.25,INR
INV/2026/4497,19/08/2026,order_M5NBlsZ3fk6gdX,RCPT-D2C-100497,Rehan Iyer,Gurugram,Paid,Upi,353.03,INR
INV/2026/4498,07/08/2026,order_bx1CcqIlOazpDT,RCPT-D2C-100498,Anika Rao,Indore,Paid,Upi,1267.67,INR
INV/2026/4499,02/08/2026,order_2LOzqKTuW4z6Xh,RCPT-D2C-100499,Rehan Joshi,Surat,Paid,Upi,756.09,INR
