Invoice Number,Invoice Date,Order ID,Reference Number,Customer Name,Place of Supply,Invoice Status,Payment Mode,Presentment Currency,Presentment Amount,Currency,Total
INV-US-2026-4000,08/04/2026,order_MxrRVFTVA9aw7H,RCPT-US-100000,Mia Johnson,"Austin, TX",Paid,Ach,USD,11.57,USD,11.57
INV-US-2026-4001,08/16/2026,order_BNLZ2mpkGCJNcQ,RCPT-US-100001,Mason Johnson,"Denver, CO",Paid,Card,USD,68.37,USD,68.37
INV-US-2026-4002,08/19/2026,order_vo8jMr8Y4emFaD,RCPT-US-100002,Emma Thomas,"Portland, OR",Paid,Card,CAD,28.67,USD,20.93
INV-US-2026-4003,08/09/2026,order_RN66NvBERacPDC,RCPT-US-100003,Ava Martinez,"Phoenix, AZ",Paid,Ach,USD,44.60,USD,44.60
INV-US-2026-4004,08/03/2026,order_BmoEeEuTUIEEci,RCPT-US-100004,James Thomas,"Seattle, WA",Paid,Ach,USD,62.00,USD,62.00
INV-US-2026-4005,08/11/2026,order_EFFoHQ4auVY7vs,RCPT-US-100005,Amelia Martinez,"Denver, CO",Paid,Card,USD,27.43,USD,27.43
INV-US-2026-4006,08/17/2026,order_q7cf5PUZqQMobz,RCPT-US-100006,Mason Brown,"Phoenix, AZ",Paid,Card,USD,33.02,USD,33.02
INV-US-2026-4007,08/07/2026,order_hfrUt11ncUE1CR,RCPT-US-100007,Isabella Garcia,"Atlanta, GA",Paid,Card,USD,64.67,USD,64.67
INV-US-2026-4008,08/19/2026,order_rMM0eQLtAweitC,RCPT-US-100008,Ethan Thomas,"Columbus, OH",Paid,Card,USD,75.99,USD,75.99
INV-US-2026-4009,08/25/2026,order_AYjkp4gy08VdUp,RCPT-US-100009,Olivia Thomas,"Denver, CO",Paid,Ach,USD,34.70,USD,34.70
INV-US-2026-4010,08/13/2026,order_3EbzCLiVry6IeJ,RCPT-US-100010,Isabella Thomas,"Denver, CO",Paid,Card,USD,18.76,USD,18.76
INV-US-2026-4011,08/15/2026,order_hRkfMaiHgAmYBi,RCPT-US-100011,Sophia Johnson,"Seattle, WA",Paid,Card,USD,80.87,USD,80.87
INV-US-2026-4012,08/18/2026,order_B7QIsxBCMJOArS,RCPT-US-100012,Ava Brown,"Phoenix, AZ",Paid,Wallet,USD,22.01,USD,22.01
INV-US-2026-4013,08/16/2026,order_3oioNhN2inl2IO,RCPT-US-100013,Ava Anderson,"Boston, MA",Paid,Card,USD,37.12,USD,37.12
INV-US-2026-4014,08/07/2026,order_rzBGMkrW609XHt,RCPT-US-100014,Lucas Garcia,"Columbus, OH",Paid,Wallet,USD,38.38,USD,38.38
INV-US-2026-4016,08/07/2026,order_MglVzwQR6HvvxK,RCPT-US-100016,Lucas Miller,"Seattle, WA",Paid,Card,USD,22.84,USD,22.84
INV-US-2026-4017,08/24/2026,order_kLiEYgfpNsHwZk,RCPT-US-100017,Noah Davis,"Portland, OR",Paid,Card,USD,36.08,USD,36.08
INV-US-2026-4018,08/25/2026,order_9CY78KYeK2finm,RCPT-US-100018,Noah Martinez,"Portland, OR",Paid,Card,CAD,38.97,USD,28.45
INV-US-2026-4019,08/12/2026,order_UvZDlu8UEz5Obu,RCPT-US-100019,Ethan Johnson,"Nashville, TN",Paid,Card,USD,47.08,USD,47.08
INV-US-2026-4020,08/08/2026,order_xvh0I8SuIPeHg5,RCPT-US-100020,Noah Anderson,"Phoenix, AZ",Paid,Card,USD,21.69,USD,21.69
INV-US-2026-4021,08/07/2026,order_iREwF6rKjPoXee,RCPT-US-100021,Sophia Thomas,"Seattle, WA",Paid,Card,USD,32.92,USD,32.92
INV-US-2026-4022,08/03/2026,order_6LbpXlGd4UFiFb,RCPT-US-100022,Noah Smith,"Denver, CO",Paid,Card,USD,47.02,USD,47.02
INV-US-2026-4023,08/22/2026,order_km658r6RchzTdU,RCPT-US-100023,Ava Garcia,"Austin, TX",Paid,Card,USD,14.48,USD,14.48
INV-US-2026-4024,08/13/2026,order_kS9Bp1zbEliTyi,RCPT-US-100024,Mia Johnson,"Boston, MA",Paid,Card,USD,21.43,USD,21.43
INV-US-2026-4025,08/21/2026,order_IffizuEtn6Caw0,RCPT-US-100025,Lucas Miller,"Denver, CO",Paid,Card,USD,43.27,USD,43.27
INV-US-2026-4026,08/18/2026,order_4DeTuHTpJx6L6D,RCPT-US-100026,Lucas Smith,"Boston, MA",Paid,Card,USD,35.51,USD,35.51
INV-US-2026-4027,08/06/2026,order_je2Qf4Z69Vqjx9,RCPT-US-100027,James Brown,"Seattle, WA",Paid,Card,USD,18.28,USD,18.28
INV-US-2026-4028,08/13/2026,order_xUJQ63zhIovnRh,RCPT-US-100028,James Brown,"Seattle, WA",Paid,Card,USD,62.29,USD,62.29
INV-US-2026-4029,08/03/2026,order_rFy0cNCiahfK81,RCPT-US-100029,Mason Johnson,"Columbus, OH",Paid,Card,USD,28.68,USD,28.68
INV-US-2026-4030,08/15/2026,order_A22zuN5nJSoY7i,RCPT-US-100030,Ethan Taylor,"Denver, CO",Paid,Card,GBP,35.75,USD,45.40
INV-US-2026-4031,08/07/2026,order_tLLMZC1dltFGOC,RCPT-US-100031,Ava Miller,"Columbus, OH",Paid,Card,USD,40.85,USD,40.85
INV-US-2026-4032,08/07/2026,order_VMVTpcGjYNgVyS,RCPT-US-100032,Isabella Thomas,"Seattle, WA",Paid,Ach,USD,21.39,USD,21.39
INV-US-2026-4033,08/18/2026,order_qMxFIPekasVVF7,RCPT-US-100033,Olivia Davis,"Seattle, WA",Paid,Card,USD,40.28,USD,40.28
INV-US-2026-4034,08/19/2026,order_1KLmjzEdCZLy78,RCPT-US-100034,Lucas Taylor,"Portland, OR",Paid,Card,USD,27.18,USD,27.18
INV-US-2026-4035,08/21/2026,order_yCuqyJZ9fmGeWa,RCPT-US-100035,Sophia Davis,"Portland, OR",Paid,Card,USD,89.33,USD,89.33
INV-US-2026-4036,08/14/2026,order_T4l4EPH2cPg3ZD,RCPT-US-100036,Ethan Jones,"Portland, OR",Paid,Card,USD,22.37,USD,22.37
INV-US-2026-4037,08/03/2026,order_yIH4ik8dASPuTB,RCPT-US-100037,Olivia Davis,"Nashville, TN",Paid,Wallet,USD,51.00,USD,51.00
INV-US-2026-4038,08/13/2026,order_DMU12W5eBLo4sj,RCPT-US-100038,James Taylor,"Denver, CO",Paid,Card,USD,24.80,USD,24.80
INV-US-2026-4039,08/11/2026,order_tsMRLuPgqSyRXz,RCPT-US-100039,Olivia Anderson,"Columbus, OH",Paid,Ach,USD,50.30,USD,50.30
INV-US-2026-4040,08/10/2026,order_zkFKSwMPLRujBL,RCPT-US-100040,James Davis,"Austin, TX",Paid,Card,USD,49.43,USD,49.43
INV-US-2026-4041,08/18/2026,order_LmxxKHmbPqcjxQ,RCPT-US-100041,Lucas Thomas,"Chicago, IL",Paid,Ach,USD,51.95,USD,51.95
INV-US-2026-4042,08/18/2026,order_BEH6LkoilyuPnJ,RCPT-US-100042,Mia Garcia,"Phoenix, AZ",Paid,Card,USD,57.89,USD,57.89
INV-US-2026-4043,08/24/2026,order_dXsNt9CIfwwmIJ,RCPT-US-100043,Emma Miller,"Columbus, OH",Paid,Card,USD,34.80,USD,34.80
INV-US-2026-4044,08/05/2026,order_87nNCKZlpDvVks,RCPT-US-100044,Amelia Miller,"Chicago, IL",Paid,Card,USD,102.31,USD,102.31
INV-US-2026-4045,08/02/2026,order_3fNiYaEDsRX8Rn,RCPT-US-100045,Ethan Miller,"Phoenix, AZ",Paid,Card,USD,17.73,USD,17.73
INV-US-2026-4046,08/23/2026,order_qDTZmPfCMJgmIC,RCPT-US-100046,Sophia Martinez,"Seattle, WA",Paid,Card,CAD,53.41,USD,38.99
INV-US-2026-4047,08/18/2026,order_XWnNIC2BvoekAz,RCPT-US-100047,Ethan Thomas,"Boston, MA",Paid,Card,USD,39.76,USD,39.76
INV-US-2026-4048,08/25/2026,order_xKWqtPhFvV6bzJ,RCPT-US-100048,Mia Smith,"Portland, OR",Paid,Card,USD,46.87,USD,46.87
INV-US-2026-4049,08/03/2026,order_Q0q4LpeYnV95XB,RCPT-US-100049,Logan Smith,"Phoenix, AZ",Paid,Card,USD,39.80,USD,39.80
INV-US-2026-4050,08/20/2026,order_OQrOPhA7iZAPjf,RCPT-US-100050,Noah Garcia,"Denver, CO",Paid,Card,USD,42.87,USD,42.87
INV-US-2026-4051,08/11/2026,order_vqifPpPXUtL6gv,RCPT-US-100051,Olivia Davis,"Columbus, OH",Paid,Card,USD,21.43,USD,21.43
INV-US-2026-4052,08/16/2026,order_k1IkaptInv1RzK,RCPT-US-100052,Emma Taylor,"Seattle, WA",Paid,Card,USD,19.00,USD,19.00
INV-US-2026-4053,08/16/2026,order_H3CMSWuizHZV5B,RCPT-US-100053,Amelia Davis,"Seattle, WA",Paid,Wallet,USD,31.60,USD,31.60
INV-US-2026-4054,08/10/2026,order_L1Gj75Q4fbHJU4,RCPT-US-100054,Isabella Anderson,"Seattle, WA",Paid,Ach,USD,24.32,USD,24.32
INV-US-2026-4055,08/13/2026,order_IyM3aeCaWzjZjD,RCPT-US-100055,Emma Jones,"Chicago, IL",Paid,Card,USD,22.51,USD,22.51
INV-US-2026-4056,08/15/2026,order_XAxhQzPy7vfZTz,RCPT-US-100056,Lucas Johnson,"Nashville, TN",Paid,Wallet,EUR,50.41,USD,54.95
INV-US-2026-4057,08/23/2026,order_ocWTRE5pUmGQVN,RCPT-US-100057,Emma Smith,"Seattle, WA",Paid,Ach,USD,24.27,USD,24.27
INV-US-2026-4058,08/22/2026,order_UEwlGlUbe98Ofa,RCPT-US-100058,Olivia Taylor,"Portland, OR",Paid,Card,USD,24.05,USD,24.05
INV-US-2026-4059,08/11/2026,order_k7HH1vsvdbqda1,RCPT-US-100059,Isabella Martinez,"Phoenix, AZ",Paid,Card,USD,37.66,USD,37.66
INV-US-2026-4060,08/02/2026,order_w5fHOL17py8J1H,RCPT-US-100060,Olivia Williams,"Austin, TX",Paid,Card,USD,35.22,USD,35.22
INV-US-2026-4061,08/09/2026,order_PEzf2Dx3j5Ey8J,RCPT-US-100061,Ava Smith,"Boston, MA",Paid,Card,USD,31.47,USD,31.47
INV-US-2026-4062,08/08/2026,order_YA0VsU2o8RqmNs,RCPT-US-100062,Mia Anderson,"Nashville, TN",Paid,Card,USD,14.26,USD,14.26
INV-US-2026-4063,08/09/2026,order_EoRbX0naRdIgH8,RCPT-US-100063,Ethan Thomas,"Portland, OR",Paid,Wallet,USD,56.12,USD,56.12
INV-US-2026-4064,08/19/2026,order_Slcq9RSqsArnPA,RCPT-US-100064,Mason Miller,"Atlanta, GA",Paid,Card,USD,36.37,USD,36.37
INV-US-2026-4065,08/25/2026,order_oJeEXKdgUeqpmD,RCPT-US-100065,Mason Brown,"Columbus, OH",Paid,Card,GBP,22.71,USD,28.84
INV-US-2026-4066,08/02/2026,order_nyv5Qqzuex4Hbd,RCPT-US-100066,Amelia Smith,"Denver, CO",Paid,Card,USD,51.98,USD,51.98
INV-US-2026-4067,08/18/2026,order_xPPladDNlcKjGd,RCPT-US-100067,Lucas Martinez,"Seattle, WA",Paid,Wallet,USD,23.36,USD,23.36
INV-US-2026-4068,08/19/2026,order_ZHfT69ipw2xCYa,RCPT-US-100068,Ethan Johnson,"Portland, OR",Paid,Card,USD,69.82,USD,69.82
INV-US-2026-4069,08/16/2026,order_byeYWpbVcHDT1h,RCPT-US-100069,Ethan Miller,"Columbus, OH",Paid,Wallet,USD,11.35,USD,11.35
INV-US-2026-4070,08/08/2026,order_9msX1TNmwlDULf,RCPT-US-100070,Amelia Johnson,"Chicago, IL",Paid,Card,CAD,29.26,USD,21.36
INV-US-2026-4071,08/09/2026,order_0JySpSDwfDZnFj,RCPT-US-100071,Mia Smith,"Phoenix, AZ",Paid,Wallet,USD,31.11,USD,31.11
INV-US-2026-4072,08/25/2026,order_cU5vuE1H91Wq1j,RCPT-US-100072,Noah Thomas,"Columbus, OH",Paid,Card,USD,19.16,USD,19.16
INV-US-2026-4073,08/07/2026,order_szYgxeGjv2KxlU,RCPT-US-100073,Logan Garcia,"Portland, OR",Paid,Card,EUR,29.79,USD,32.47
INV-US-2026-4074,08/17/2026,order_Ez0QYPtNb6nEjL,RCPT-US-100074,Sophia Johnson,"Chicago, IL",Paid,Card,USD,13.02,USD,13.02
INV-US-2026-4075,08/20/2026,order_PyJNM3ivnWHKwM,RCPT-US-100075,Ava Johnson,"Atlanta, GA",Paid,Card,USD,36.70,USD,36.70
INV-US-2026-4076,08/24/2026,order_03i2InFizuKiwq,RCPT-US-100076,James Miller,"Boston, MA",Paid,Card,AUD,82.02,USD,54.13
INV-US-2026-4077,08/18/2026,order_ET5AG7k9HMXTW3,RCPT-US-100077,James Miller,"Phoenix, AZ",Paid,Card,USD,18.65,USD,18.65
INV-US-2026-4078,08/22/2026,order_sfBj85jFI5TQVO,RCPT-US-100078,Liam Martinez,"Seattle, WA",Paid,Wallet,USD,14.96,USD,14.96
INV-US-2026-4079,08/01/2026,order_9BaCJ1Lsmh2lxw,RCPT-US-100079,Ava Johnson,"Chicago, IL",Paid,Card,USD,40.17,USD,40.17
INV-US-2026-4080,08/08/2026,order_JNQceOy6VLPrpn,RCPT-US-100080,Liam Jones,"Chicago, IL",Paid,Card,USD,70.45,USD,70.45
INV-US-2026-4081,08/17/2026,order_E6E1YIayqyOVyN,RCPT-US-100081,Amelia Smith,"Austin, TX",Paid,Card,USD,32.51,USD,32.51
INV-US-2026-4082,08/13/2026,order_MPIsrP42u48qdX,RCPT-US-100082,Olivia Jones,"Seattle, WA",Paid,Ach,USD,37.03,USD,37.03
INV-US-2026-4083,08/03/2026,order_pOBE6Tw77rgLK9,RCPT-US-100083,Sophia Anderson,"Nashville, TN",Paid,Card,CAD,54.71,USD,39.94
INV-US-2026-4084,08/16/2026,order_bz9fnpEdBLVAKT,RCPT-US-100084,Amelia Anderson,"Columbus, OH",Paid,Card,USD,33.49,USD,33.49
INV-US-2026-4085,08/16/2026,order_54qKdgj6SwK7uU,RCPT-US-100085,Mia Garcia,"Atlanta, GA",Paid,Card,USD,29.54,USD,29.54
INV-US-2026-4086,08/21/2026,order_UfoeDpJBRicDFR,RCPT-US-100086,Lucas Smith,"Atlanta, GA",Paid,Card,USD,9.68,USD,9.68
INV-US-2026-4087,08/21/2026,order_s1czTq6IrPzutR,RCPT-US-100087,Amelia Davis,"Atlanta, GA",Paid,Card,USD,30.60,USD,30.60
INV-US-2026-4088,08/02/2026,order_LnsxwQtnpIvuqD,RCPT-US-100088,Isabella Jones,"Nashville, TN",Paid,Card,USD,18.39,USD,18.39
INV-US-2026-4089,08/16/2026,order_BpRrx8GVV7D6BS,RCPT-US-100089,Lucas Smith,"Boston, MA",Paid,Card,GBP,50.43,USD,64.05
INV-US-2026-4090,08/07/2026,order_h382oiaNa6Pye6,RCPT-US-100090,Mason Davis,"Portland, OR",Paid,Card,AUD,103.12,USD,68.06
INV-US-2026-4091,08/18/2026,order_Ryulu7URxzpCtD,RCPT-US-100091,Mason Johnson,"Nashville, TN",Paid,Wallet,USD,38.95,USD,38.95
INV-US-2026-4092,08/09/2026,order_FtkIPDkeZBYEvZ,RCPT-US-100092,Emma Thomas,"Nashville, TN",Paid,Card,CAD,21.37,USD,15.60
INV-US-2026-4093,08/11/2026,order_qbNcbUNnBa3Tnx,RCPT-US-100093,Logan Miller,"Columbus, OH",Paid,Card,USD,34.90,USD,34.90
INV-US-2026-4094,08/13/2026,order_ZB1aWxbQFnYO3Z,RCPT-US-100094,Sophia Anderson,"Austin, TX",Paid,Card,USD,32.84,USD,32.84
INV-US-2026-4095,08/21/2026,order_lUzug8BRwkVh9f,RCPT-US-100095,Noah Miller,"Seattle, WA",Paid,Card,USD,58.90,USD,58.90
INV-US-2026-4096,08/02/2026,order_WligBiXZqZJyTo,RCPT-US-100096,Liam Smith,"Denver, CO",Paid,Card,USD,9.76,USD,9.76
INV-US-2026-4097,08/21/2026,order_5N2esUBc6zykSm,RCPT-US-100097,Liam Taylor,"Boston, MA",Paid,Card,USD,17.77,USD,17.77
INV-US-2026-4098,08/14/2026,order_D2svEx1ri8lBGU,RCPT-US-100098,Isabella Martinez,"Portland, OR",Paid,Card,USD,31.51,USD,31.51
INV-US-2026-4099,08/04/2026,order_BWPXAP7STQABXT,RCPT-US-100099,Liam Jones,"Seattle, WA",Paid,Ach,USD,17.07,USD,17.07
INV-US-2026-4100,08/04/2026,order_2OSBSTZCpyCndS,RCPT-US-100100,Mia Garcia,"Nashville, TN",Paid,Card,USD,56.63,USD,56.63
INV-US-2026-4101,08/03/2026,order_W9EiHA3JzYtowH,RCPT-US-100101,Isabella Thomas,"Seattle, WA",Paid,Card,USD,17.39,USD,17.39
INV-US-2026-4102,08/24/2026,order_5jhGoLQM0yuOwK,RCPT-US-100102,Lucas Brown,"Austin, TX",Paid,Card,USD,16.60,USD,16.60
INV-US-2026-4103,08/16/2026,order_QYtpLafp9CPlRR,RCPT-US-100103,Noah Williams,"Chicago, IL",Paid,Card,USD,36.82,USD,36.82
INV-US-2026-4104,08/22/2026,order_mXjVYJ8lp6mLNg,RCPT-US-100104,Logan Taylor,"Phoenix, AZ",Paid,Wallet,USD,21.33,USD,21.33
INV-US-2026-4105,08/15/2026,order_0EJRKnC5BP4pYJ,RCPT-US-100105,Amelia Garcia,"Phoenix, AZ",Paid,Card,EUR,19.72,USD,21.49
INV-US-2026-4106,08/02/2026,order_AeTCnBMzV7Ab4y,RCPT-US-100106,Liam Miller,"Boston, MA",Paid,Card,USD,18.01,USD,18.01
INV-US-2026-4107,08/04/2026,order_Hva3rXlmr9k54k,RCPT-US-100107,Noah Miller,"Nashville, TN",Paid,Card,USD,35.37,USD,35.37
INV-US-2026-4108,08/05/2026,order_i2QMYjmVuAHAsA,RCPT-US-100108,Ethan Taylor,"Austin, TX",Paid,Card,USD,22.20,USD,22.20
INV-US-2026-4109,08/23/2026,order_rnJ6yp99MInmKr,RCPT-US-100109,Ethan Thomas,"Chicago, IL",Paid,Card,USD,25.50,USD,25.50
INV-US-2026-4110,08/22/2026,order_BlK2EKiWIFms03,RCPT-US-100110,Ethan Taylor,"Phoenix, AZ",Paid,Card,EUR,45.48,USD,49.57
INV-US-2026-4111,08/02/2026,order_gRDiIXmXrG9yuS,RCPT-US-100111,Isabella Martinez,"Portland, OR",Paid,Wallet,USD,53.36,USD,53.36
INV-US-2026-4112,08/13/2026,order_OwJcpSTXY46NuA,RCPT-US-100112,Liam Williams,"Denver, CO",Paid,Card,USD,18.82,USD,18.82
INV-US-2026-4113,08/24/2026,order_pVeZ56ywN1C6mL,RCPT-US-100113,Mason Brown,"Denver, CO",Paid,Card,USD,31.84,USD,31.84
INV-US-2026-4114,08/06/2026,order_KmvQwPVra3s7uO,RCPT-US-100114,Emma Williams,"Chicago, IL",Paid,Card,INR,5309.87,USD,63.61
INV-US-2026-4115,08/16/2026,order_4ybaPpX6ayXHpQ,RCPT-US-100115,Lucas Thomas,"Seattle, WA",Paid,Card,USD,18.06,USD,18.06
INV-US-2026-4116,08/13/2026,order_wfOG4EWse8MzS7,RCPT-US-100116,Mia Davis,"Austin, TX",Paid,Card,USD,9.04,USD,9.04
INV-US-2026-4117,08/19/2026,order_Xn7w3rkHIVzoFL,RCPT-US-100117,Liam Miller,"Phoenix, AZ",Paid,Card,USD,17.25,USD,17.25
INV-US-2026-4118,08/06/2026,order_5smk0yw0cF0JvD,RCPT-US-100118,Sophia Williams,"Nashville, TN",Paid,Card,USD,67.50,USD,67.50
INV-US-2026-4120,08/18/2026,order_XKbO65F6Ae1I6W,RCPT-US-100120,Mason Davis,"Austin, TX",Paid,Card,USD,35.35,USD,35.35
INV-US-2026-4121,08/12/2026,order_O1WBFUOXHTyIDl,RCPT-US-100121,Liam Johnson,"Boston, MA",Paid,Card,USD,60.82,USD,60.82
INV-US-2026-4122,08/10/2026,order_dT5cE1lrUNF5a3,RCPT-US-100122,Noah Jones,"Atlanta, GA",Paid,Card,EUR,31.20,USD,34.01
INV-US-2026-4123,08/13/2026,order_RiSZ7kiSXBdrCV,RCPT-US-100123,Lucas Miller,"Denver, CO",Paid,Ach,USD,20.62,USD,20.62
INV-US-2026-4124,08/02/2026,order_fGWYwRgYy91s5y,RCPT-US-100124,Ethan Anderson,"Columbus, OH",Paid,Card,USD,32.18,USD,32.18
INV-US-2026-4125,08/02/2026,order_RJ5wwfHvoT04bA,RCPT-US-100125,Mia Miller,"Atlanta, GA",Paid,Ach,USD,73.77,USD,73.77
INV-US-2026-4126,08/14/2026,order_HLVYagehbImT8B,RCPT-US-100126,Emma Davis,"Nashville, TN",Paid,Card,AUD,74.81,USD,49.37
INV-US-2026-4127,08/12/2026,order_R6tleIvWx6gwR9,RCPT-US-100127,Liam Jones,"Chicago, IL",Paid,Card,EUR,36.11,USD,39.36
INV-US-2026-4128,08/24/2026,order_fD5lrc2rMqUsbX,RCPT-US-100128,Olivia Miller,"Portland, OR",Paid,Wallet,USD,51.41,USD,51.41
INV-US-2026-4129,08/07/2026,order_IrzBq3tmLuTnLW,RCPT-US-100129,Logan Smith,"Columbus, OH",Paid,Card,USD,14.10,USD,14.10
INV-US-2026-4130,08/22/2026,order_M2CxmNd55oZtAj,RCPT-US-100130,Noah Johnson,"Denver, CO",Paid,Card,INR,2351.71,USD,28.17
INV-US-2026-4131,08/19/2026,order_a5sSVf2hnRsiWE,RCPT-US-100131,Amelia Jones,"Portland, OR",Paid,Card,AUD,47.39,USD,31.28
INV-US-2026-4132,08/05/2026,order_0EvqBQGNKTdmbU,RCPT-US-100132,Amelia Garcia,"Denver, CO",Paid,Card,USD,15.26,USD,15.26
INV-US-2026-4133,08/03/2026,order_csRCphA7drHVuL,RCPT-US-100133,Mason Martinez,"Columbus, OH",Paid,Card,USD,25.82,USD,25.82
INV-US-2026-4134,08/10/2026,order_9SROFOBJ2BKfla,RCPT-US-100134,Amelia Brown,"Columbus, OH",Paid,Card,INR,2055.30,USD,24.62
INV-US-2026-4135,08/15/2026,order_6G7NifD0X26NEK,RCPT-US-100135,Ava Johnson,"Boston, MA",Paid,Card,USD,38.18,USD,38.18
INV-US-2026-4136,08/14/2026,order_QAijYiPtc8JsfO,RCPT-US-100136,Olivia Davis,"Atlanta, GA",Paid,Ach,USD,32.25,USD,32.25
INV-US-2026-4137,08/03/2026,order_NAPIeFWz2m1eaH,RCPT-US-100137,Noah Williams,"Austin, TX",Paid,Card,USD,47.82,USD,47.82
INV-US-2026-4138,08/21/2026,order_f1uz1NUWMDcwde,RCPT-US-100138,Noah Miller,"Atlanta, GA",Paid,Wallet,USD,18.73,USD,18.73
INV-US-2026-4139,08/25/2026,order_2YdgcyD8yHkna0,RCPT-US-100139,Liam Johnson,"Columbus, OH",Paid,Card,USD,22.68,USD,22.68
INV-US-2026-4140,08/14/2026,order_G2v8IlEQKCNjWa,RCPT-US-100140,Emma Smith,"Portland, OR",Paid,Card,EUR,42.98,USD,46.85
INV-US-2026-4141,08/24/2026,order_HxClnPPEGMxrJ5,RCPT-US-100141,Ava Smith,"Seattle, WA",Paid,Card,USD,18.73,USD,18.73
INV-US-2026-4142,08/08/2026,order_jSh4m0jCrKjyjm,RCPT-US-100142,Noah Johnson,"Atlanta, GA",Paid,Card,USD,18.73,USD,18.73
INV-US-2026-4143,08/01/2026,order_lprmynyeenJSgd,RCPT-US-100143,Mia Johnson,"Phoenix, AZ",Paid,Card,USD,46.90,USD,46.90
INV-US-2026-4144,08/10/2026,order_Ulwt2nOyxbvfm1,RCPT-US-100144,Olivia Taylor,"Columbus, OH",Paid,Card,USD,26.73,USD,26.73
INV-US-2026-4145,08/14/2026,order_Fp2cAjM66cEoyd,RCPT-US-100145,Sophia Jones,"Denver, CO",Paid,Card,USD,47.94,USD,47.94
INV-US-2026-4146,08/16/2026,order_cONcObWm4Rdnoe,RCPT-US-100146,Isabella Taylor,"Columbus, OH",Paid,Card,USD,22.50,USD,22.50
INV-US-2026-4148,08/01/2026,order_7beOMKfwzfROlD,RCPT-US-100148,Liam Garcia,"Columbus, OH",Paid,Card,CAD,16.79,USD,12.26
INV-US-2026-4149,08/04/2026,order_CHFCiBM5QyxlcU,RCPT-US-100149,Mia Martinez,"Chicago, IL",Paid,Card,USD,34.92,USD,34.92
INV-US-2026-4150,08/14/2026,order_fZQHZqx6UsaUEh,RCPT-US-100150,Lucas Garcia,"Austin, TX",Paid,Card,EUR,32.01,USD,34.89
INV-US-2026-4151,08/16/2026,order_hyXjtGffmQwTb8,RCPT-US-100151,Olivia Thomas,"Boston, MA",Paid,Ach,USD,25.54,USD,25.54
INV-US-2026-4152,08/21/2026,order_OBxgxzOdgBzkmL,RCPT-US-100152,Olivia Brown,"Atlanta, GA",Paid,Card,USD,29.99,USD,29.99
INV-US-2026-4153,08/20/2026,order_5jhPlGEqSPonJj,RCPT-US-100153,Emma Williams,"Atlanta, GA",Paid,Card,USD,22.88,USD,22.88
INV-US-2026-4154,08/01/2026,order_N1RaOjzhbXRAzR,RCPT-US-100154,Olivia Taylor,"Atlanta, GA",Paid,Card,USD,18.17,USD,18.17
INV-US-2026-4155,08/21/2026,order_7JcQxDlmlqtlae,RCPT-US-100155,Ethan Jones,"Columbus, OH",Paid,Card,USD,35.58,USD,35.58
INV-US-2026-4156,08/12/2026,order_JvQMHYBohdvsZ0,RCPT-US-100156,Noah Taylor,"Boston, MA",Paid,Card,USD,21.52,USD,21.52
INV-US-2026-4157,08/23/2026,order_ZqFSyyWQtLb7N4,RCPT-US-100157,Sophia Jones,"Portland, OR",Paid,Wallet,USD,32.15,USD,32.15
INV-US-2026-4158,08/14/2026,order_PrnJak9vcPRhT2,RCPT-US-100158,Emma Smith,"Columbus, OH",Paid,Card,AUD,33.40,USD,22.04
INV-US-2026-4159,08/22/2026,order_OLaSsHXBrhww6K,RCPT-US-100159,Mia Davis,"Denver, CO",Paid,Ach,USD,55.52,USD,55.52
INV-US-2026-4160,08/22/2026,order_tEd728QbiIuRmJ,RCPT-US-100160,Sophia Taylor,"Columbus, OH",Paid,Card,USD,16.33,USD,16.33
INV-US-2026-4161,08/10/2026,order_4Ti8Dizr4Gkbyn,RCPT-US-100161,Sophia Taylor,"Chicago, IL",Paid,Card,USD,29.29,USD,29.29
INV-US-2026-4162,08/16/2026,order_cBsdKR5jsuJ3Fg,RCPT-US-100162,Logan Smith,"Phoenix, AZ",Paid,Card,USD,23.75,USD,23.75
INV-US-2026-4163,08/10/2026,order_L3gLdNKdRfL3KU,RCPT-US-100163,Mia Taylor,"Portland, OR",Paid,Card,USD,13.64,USD,13.64
INV-US-2026-4164,08/05/2026,order_rnLowEXuukHoCY,RCPT-US-100164,Olivia Miller,"Chicago, IL",Paid,Card,USD,29.54,USD,29.54
INV-US-2026-4165,08/16/2026,order_6Hk0Fkvvpk12wc,RCPT-US-100165,Mason Davis,"Seattle, WA",Paid,Card,USD,13.20,USD,13.20
INV-US-2026-4166,08/11/2026,order_Kqtc9N2RX6vSjF,RCPT-US-100166,Lucas Williams,"Denver, CO",Paid,Wallet,USD,67.87,USD,67.87
INV-US-2026-4167,08/15/2026,order_hFTIOjJkeQXelr,RCPT-US-100167,Noah Garcia,"Chicago, IL",Paid,Card,USD,16.11,USD,16.11
INV-US-2026-4168,08/20/2026,order_w6hz2ifVXUDPHY,RCPT-US-100168,Mason Jones,"Portland, OR",Paid,Card,USD,15.70,USD,15.70
INV-US-2026-4169,08/07/2026,order_yK8o6xhWFSxHgE,RCPT-US-100169,Logan Davis,"Phoenix, AZ",Paid,Wallet,INR,1473.54,USD,17.65
INV-US-2026-4170,08/20/2026,order_WyIjs8XAme0vEF,RCPT-US-100170,Isabella Anderson,"Nashville, TN",Paid,Card,USD,22.21,USD,22.21
INV-US-2026-4171,08/15/2026,order_1mcJLZS9oCGp6b,RCPT-US-100171,Logan Davis,"Seattle, WA",Paid,Card,USD,100.07,USD,100.07
INV-US-2026-4172,08/06/2026,order_TrmjngoRj8OZPf,RCPT-US-100172,James Jones,"Phoenix, AZ",Paid,Wallet,USD,19.18,USD,19.18
INV-US-2026-4173,08/21/2026,order_BAcneUOu7d4Mfz,RCPT-US-100173,Lucas Garcia,"Denver, CO",Paid,Wallet,USD,18.64,USD,18.64
INV-US-2026-4174,08/24/2026,order_se63mzq7jdiX8h,RCPT-US-100174,Ethan Anderson,"Atlanta, GA",Paid,Card,USD,20.66,USD,20.66
INV-US-2026-4175,08/12/2026,order_n1nKgogQs37bQ0,RCPT-US-100175,Emma Smith,"Chicago, IL",Paid,Card,USD,36.04,USD,36.04
INV-US-2026-4176,08/19/2026,order_JyLhG1oTvR9huw,RCPT-US-100176,Noah Jones,"Phoenix, AZ",Paid,Card,USD,55.51,USD,55.51
INV-US-2026-4177,08/12/2026,order_xmv4VJf68gDgFy,RCPT-US-100177,James Brown,"Phoenix, AZ",Paid,Card,USD,17.98,USD,17.98
INV-US-2026-4178,08/18/2026,order_m6IgnsXM2wm2n1,RCPT-US-100178,Sophia Brown,"Denver, CO",Paid,Card,USD,28.97,USD,28.97
INV-US-2026-4179,08/08/2026,order_HnZIEhhFDS5chi,RCPT-US-100179,Amelia Miller,"Boston, MA",Paid,Ach,USD,24.17,USD,24.17
INV-US-2026-4180,08/17/2026,order_udNQGSBVBMWkYC,RCPT-US-100180,Lucas Williams,"Austin, TX",Paid,Card,USD,32.42,USD,32.42
INV-US-2026-4181,08/07/2026,order_3kNaUDLm2VHTcU,RCPT-US-100181,Liam Thomas,"Boston, MA",Paid,Card,USD,41.21,USD,41.21
INV-US-2026-4182,08/12/2026,order_rvTqqB7rTUxvif,RCPT-US-100182,Isabella Brown,"Seattle, WA",Paid,Card,USD,54.55,USD,54.55
INV-US-2026-4183,08/24/2026,order_9lnIgY0jVvzac3,RCPT-US-100183,Ethan Williams,"Boston, MA",Paid,Card,USD,36.24,USD,36.24
INV-US-2026-4184,08/07/2026,order_EkItTNJBF5TxQt,RCPT-US-100184,Isabella Davis,"Denver, CO",Paid,Ach,USD,47.21,USD,47.21
INV-US-2026-4185,08/14/2026,order_9UuZv9FuaDfwG6,RCPT-US-100185,Emma Johnson,"Austin, TX",Paid,Card,USD,26.62,USD,26.62
INV-US-2026-4186,08/11/2026,order_zVFbtSgw3GRjDt,RCPT-US-100186,Mia Anderson,"Columbus, OH",Paid,Card,USD,32.72,USD,32.72
INV-US-2026-4187,08/11/2026,order_s4dxSln3u2sRnY,RCPT-US-100187,Olivia Garcia,"Denver, CO",Paid,Card,USD,34.25,USD,34.25
INV-US-2026-4188,08/21/2026,order_PuXm9pBBsXChY8,RCPT-US-100188,Ethan Anderson,"Boston, MA",Paid,Card,USD,42.13,USD,42.13
INV-US-2026-4189,08/09/2026,order_xgCBzhzC1HdHCW,RCPT-US-100189,Olivia Brown,"Columbus, OH",Paid,Ach,USD,30.04,USD,30.04
INV-US-2026-4190,08/04/2026,order_j7V5CuwmypsCbw,RCPT-US-100190,Isabella Smith,"Austin, TX",Paid,Wallet,USD,37.36,USD,37.36
INV-US-2026-4191,08/21/2026,order_HUoTNNoqIy3pC6,RCPT-US-100191,Ethan Thomas,"Portland, OR",Paid,Card,USD,38.67,USD,38.67
INV-US-2026-4192,08/18/2026,order_uJqXn9Ke6Nf1p8,RCPT-US-100192,Olivia Davis,"Portland, OR",Paid,Card,USD,14.20,USD,14.20
INV-US-2026-4193,08/04/2026,order_Ej1efzzVCdKEOB,RCPT-US-100193,James Garcia,"Austin, TX",Paid,Ach,USD,27.26,USD,27.26
INV-US-2026-4194,08/04/2026,order_jdsUZhe0DrYMcI,RCPT-US-100194,Emma Miller,"Phoenix, AZ",Paid,Ach,USD,37.90,USD,37.90
INV-US-2026-4195,08/15/2026,order_k99fQcS94yP2Kg,RCPT-US-100195,Sophia Johnson,"Nashville, TN",Paid,Card,USD,22.51,USD,22.51
INV-US-2026-4196,08/15/2026,order_1lIdvwi9pvqnWg,RCPT-US-100196,Mia Miller,"Portland, OR",Paid,Card,USD,43.98,USD,43.98
INV-US-2026-4197,08/09/2026,order_XjvojoRq6OVEai,RCPT-US-100197,Liam Johnson,"Nashville, TN",Paid,Card,USD,38.31,USD,38.31
INV-US-2026-4198,08/11/2026,order_aasgioZ6T4QecY,RCPT-US-100198,Lucas Taylor,"Denver, CO",Paid,Wallet,USD,15.76,USD,15.76
INV-US-2026-4199,08/17/2026,order_ZbypFNAwn6C4vE,RCPT-US-100199,Ava Jones,"Seattle, WA",Paid,Card,AUD,38.73,USD,25.56
INV-US-2026-4200,08/18/2026,order_FPz9nSjfdgNJWQ,RCPT-US-100200,Ethan Garcia,"Seattle, WA",Paid,Wallet,USD,9.36,USD,9.36
INV-US-2026-4201,08/05/2026,order_1wB2PfYXOCWQLX,RCPT-US-100201,Noah Smith,"Nashville, TN",Paid,Card,USD,36.62,USD,36.62
INV-US-2026-4202,08/02/2026,order_lTjDmIEbNI9ilu,RCPT-US-100202,Logan Jones,"Boston, MA",Paid,Card,USD,14.39,USD,14.39
INV-US-2026-4203,08/15/2026,order_tshuHX5c2A55PP,RCPT-US-100203,James Jones,"Nashville, TN",Paid,Ach,USD,20.81,USD,20.81
INV-US-2026-4204,08/17/2026,order_hwA7okCemdlIYe,RCPT-US-100204,James Anderson,"Denver, CO",Paid,Card,GBP,19.33,USD,24.55
INV-US-2026-4205,08/12/2026,order_sukrNekR82AoVR,RCPT-US-100205,Liam Anderson,"Austin, TX",Paid,Card,USD,21.40,USD,21.40
INV-US-2026-4206,08/03/2026,order_ggTGTxporEKh9b,RCPT-US-100206,Olivia Garcia,"Nashville, TN",Paid,Card,USD,32.65,USD,32.65
INV-US-2026-4207,08/07/2026,order_R4c5QwEQXrBzqY,RCPT-US-100207,Noah Garcia,"Atlanta, GA",Paid,Ach,USD,44.78,USD,44.78
INV-US-2026-4208,08/25/2026,order_EQjkFkO3Eem377,RCPT-US-100208,Logan Martinez,"Phoenix, AZ",Paid,Card,USD,34.11,USD,34.11
INV-US-2026-4209,08/17/2026,order_GwUJ7zGZ48y9Jk,RCPT-US-100209,Ethan Brown,"Chicago, IL",Paid,Card,USD,27.99,USD,27.99
INV-US-2026-4210,08/11/2026,order_Pru0HzY27Va4Jl,RCPT-US-100210,Ava Garcia,"Nashville, TN",Paid,Card,USD,88.79,USD,88.79
INV-US-2026-4211,08/18/2026,order_NMJI24mYvkvwZj,RCPT-US-100211,Amelia Jones,"Portland, OR",Paid,Card,USD,32.20,USD,32.20
INV-US-2026-4212,08/03/2026,order_BrI3rgurGQdxYV,RCPT-US-100212,Mia Jones,"Chicago, IL",Paid,Card,USD,52.77,USD,52.77
INV-US-2026-4213,08/24/2026,order_v4CyqI3basvgsN,RCPT-US-100213,Ava Johnson,"Austin, TX",Paid,Card,USD,7.93,USD,7.93
INV-US-2026-4214,08/25/2026,order_x4Bt6sHrJ6cKLJ,RCPT-US-100214,Lucas Martinez,"Portland, OR",Paid,Ach,USD,57.76,USD,57.76
INV-US-2026-4215,08/21/2026,order_8Y3OZyV1XB4y64,RCPT-US-100215,Amelia Miller,"Seattle, WA",Paid,Card,AUD,75.54,USD,49.86
INV-US-2026-4216,08/25/2026,order_PNXnUvN4whANil,RCPT-US-100216,Olivia Taylor,"Seattle, WA",Paid,Card,USD,29.05,USD,29.05
INV-US-2026-4217,08/09/2026,order_Yc18mUzhjgjW13,RCPT-US-100217,Olivia Thomas,"Phoenix, AZ",Paid,Card,USD,85.35,USD,85.35
INV-US-2026-4218,08/11/2026,order_LzvO7Poj9w0KiD,RCPT-US-100218,Lucas Davis,"Austin, TX",Paid,Card,INR,2370.45,USD,28.40
INV-US-2026-4219,08/02/2026,order_FJIGLTStJM2dXQ,RCPT-US-100219,Isabella Martinez,"Phoenix, AZ",Paid,Card,USD,58.63,USD,58.63
INV-US-2026-4220,08/16/2026,order_r9zMMKMW1FbiB4,RCPT-US-100220,Liam Brown,"Atlanta, GA",Paid,Ach,USD,19.18,USD,19.18
INV-US-2026-4221,08/21/2026,order_KJPsxeJsa7HZly,RCPT-US-100221,Logan Davis,"Nashville, TN",Paid,Ach,USD,44.58,USD,44.58
INV-US-2026-4222,08/02/2026,order_5JvoZRQq7L2GXE,RCPT-US-100222,Ava Garcia,"Denver, CO",Paid,Card,USD,29.36,USD,29.36
INV-US-2026-4223,08/07/2026,order_oxBDEY1h2QRr7u,RCPT-US-100223,James Anderson,"Boston, MA",Paid,Card,USD,26.88,USD,26.88
INV-US-2026-4224,08/07/2026,order_vdIndnvK5XzoxQ,RCPT-US-100224,Lucas Davis,"Phoenix, AZ",Paid,Card,USD,45.69,USD,45.69
INV-US-2026-4225,08/13/2026,order_LBeNh3LEqhkB9s,RCPT-US-100225,Amelia Johnson,"Chicago, IL",Paid,Card,GBP,27.31,USD,34.68
INV-US-2026-4226,08/22/2026,order_HRNFV89jKaPi6C,RCPT-US-100226,Ava Brown,"Boston, MA",Paid,Card,AUD,28.29,USD,18.67
INV-US-2026-4227,08/04/2026,order_RR2EvjPEp1kwAB,RCPT-US-100227,Liam Brown,"Phoenix, AZ",Paid,Card,USD,8.93,USD,8.93
INV-US-2026-4228,08/06/2026,order_XjyqiropDntJU0,RCPT-US-100228,Logan Thomas,"Austin, TX",Paid,Card,USD,26.52,USD,26.52
INV-US-2026-4229,08/23/2026,order_R047MvsJKHdBgF,RCPT-US-100229,Sophia Taylor,"Nashville, TN",Paid,Card,USD,20.17,USD,20.17
INV-US-2026-4230,08/04/2026,order_obR5cul28LMby1,RCPT-US-100230,Olivia Davis,"Atlanta, GA",Paid,Card,USD,25.19,USD,25.19
INV-US-2026-4231,08/23/2026,order_zqVAZQjSpcu2Yj,RCPT-US-100231,Logan Williams,"Boston, MA",Paid,Card,USD,37.61,USD,37.61
INV-US-2026-4232,08/08/2026,order_dfj8131KIQ9Idz,RCPT-US-100232,Sophia Jones,"Austin, TX",Paid,Card,USD,56.39,USD,56.39
INV-US-2026-4233,08/09/2026,order_ZfVdHtikTs3ESL,RCPT-US-100233,Mason Johnson,"Nashville, TN",Paid,Card,USD,15.15,USD,15.15
INV-US-2026-4234,08/02/2026,order_keIuEfPQIWAg5T,RCPT-US-100234,Olivia Johnson,"Denver, CO",Paid,Card,USD,26.16,USD,26.16
INV-US-2026-4235,08/16/2026,order_G7FLW1LsviFcGz,RCPT-US-100235,Liam Martinez,"Portland, OR",Paid,Card,USD,19.18,USD,19.18
INV-US-2026-4236,08/23/2026,order_74gnD09MPMUNUi,RCPT-US-100236,Amelia Anderson,"Austin, TX",Paid,Card,USD,22.16,USD,22.16
INV-US-2026-4237,08/10/2026,order_FEs4XELagU3miI,RCPT-US-100237,Ava Brown,"Boston, MA",Paid,Card,USD,58.85,USD,58.85
INV-US-2026-4237-DUP,08/10/2026,order_FEs4XELagU3miI,RCPT-US-100237,Ava Brown,"Boston, MA",Paid,Card,USD,58.85,USD,58.85
INV-US-2026-4238,08/10/2026,order_hzNeCkIpzvx6Rs,RCPT-US-100238,Lucas Jones,"Columbus, OH",Paid,Card,USD,25.74,USD,25.74
INV-US-2026-4239,08/05/2026,order_tMRUtl3qcTXZxf,RCPT-US-100239,Noah Taylor,"Austin, TX",Paid,Card,USD,24.05,USD,24.05
INV-US-2026-4240,08/09/2026,order_zd37BxcsmKvtz8,RCPT-US-100240,James Taylor,"Portland, OR",Paid,Card,USD,46.02,USD,46.02
INV-US-2026-4241,08/22/2026,order_zu44u9bo9mVeuc,RCPT-US-100241,Emma Davis,"Columbus, OH",Paid,Card,USD,29.94,USD,29.94
INV-US-2026-4242,08/10/2026,order_I3YXzffQaIhktH,RCPT-US-100242,Mia Johnson,"Atlanta, GA",Paid,Card,USD,40.99,USD,40.99
INV-US-2026-4243,08/08/2026,order_Tqx3ZWFZ4pVeLG,RCPT-US-100243,James Johnson,"Columbus, OH",Paid,Card,USD,14.59,USD,14.59
INV-US-2026-4244,08/23/2026,order_PcQRh3HHMV26BC,RCPT-US-100244,Lucas Smith,"Columbus, OH",Paid,Card,USD,25.43,USD,25.43
INV-US-2026-4245,08/03/2026,order_EfSfpSJKOfLB5A,RCPT-US-100245,Logan Thomas,"Columbus, OH",Paid,Card,USD,22.22,USD,22.22
INV-US-2026-4246,08/20/2026,order_oem5071xxcbIv3,RCPT-US-100246,Emma Miller,"Atlanta, GA",Paid,Card,USD,37.50,USD,37.50
INV-US-2026-4247,08/01/2026,order_BTyl3WKsY0jW0u,RCPT-US-100247,James Smith,"Chicago, IL",Paid,Card,USD,23.26,USD,23.26
INV-US-2026-4248,08/06/2026,order_aPbLPnIu8Okv8m,RCPT-US-100248,Mason Smith,"Phoenix, AZ",Paid,Card,USD,75.14,USD,75.14
INV-US-2026-4249,08/22/2026,order_kDgrlf6nyURlQG,RCPT-US-100249,Mia Anderson,"Chicago, IL",Paid,Ach,USD,24.87,USD,24.87
INV-US-2026-4250,08/13/2026,order_w8FDfOxc8ysy3T,RCPT-US-100250,Ethan Martinez,"Phoenix, AZ",Paid,Wallet,USD,53.70,USD,53.70
INV-US-2026-4251,08/20/2026,order_MfA63LdVzmRYLY,RCPT-US-100251,Logan Davis,"Nashville, TN",Paid,Card,USD,17.58,USD,17.58
INV-US-2026-4252,08/14/2026,order_ZYJ7Qm87oeizo1,RCPT-US-100252,Ethan Miller,"Columbus, OH",Paid,Wallet,USD,69.87,USD,69.87
INV-US-2026-4253,08/11/2026,order_g08LbkCMd3WiBC,RCPT-US-100253,Noah Thomas,"Austin, TX",Paid,Card,USD,35.00,USD,35.00
INV-US-2026-4254,08/05/2026,order_MXuEZzxMHE1X96,RCPT-US-100254,Amelia Miller,"Denver, CO",Paid,Card,USD,33.93,USD,33.93
INV-US-2026-4255,08/03/2026,order_qxQfMOaVwnuRdD,RCPT-US-100255,Ava Martinez,"Phoenix, AZ",Paid,Card,CAD,65.73,USD,47.98
INV-US-2026-4256,08/24/2026,order_eqTr4r9ukmiJni,RCPT-US-100256,James Thomas,"Columbus, OH",Paid,Ach,USD,25.04,USD,25.04
INV-US-2026-4257,08/25/2026,order_3U02PI3tVbcrmV,RCPT-US-100257,Emma Jones,"Denver, CO",Paid,Card,USD,58.22,USD,58.22
INV-US-2026-4258,08/09/2026,order_48Lm65R4BOFYwB,RCPT-US-100258,Olivia Martinez,"Columbus, OH",Paid,Card,USD,38.56,USD,38.56
INV-US-2026-4259,08/05/2026,order_ROkNJgF0dOhoZS,RCPT-US-100259,Mason Davis,"Denver, CO",Paid,Card,USD,54.51,USD,54.51
INV-US-2026-4260,08/15/2026,order_9x2UCdyy1yalvG,RCPT-US-100260,Ava Anderson,"Nashville, TN",Paid,Ach,USD,30.72,USD,30.72
INV-US-2026-4261,08/12/2026,order_7OYe4J5fgq6AHA,RCPT-US-100261,Ava Garcia,"Seattle, WA",Paid,Card,USD,43.24,USD,43.24
INV-US-2026-4262,08/19/2026,order_ZyOsOibiHSQuuR,RCPT-US-100262,Ava Miller,"Boston, MA",Paid,Card,AUD,56.56,USD,37.33
INV-US-2026-4263,08/21/2026,order_qSbcLyC2lR5N8R,RCPT-US-100263,Ethan Miller,"Nashville, TN",Paid,Card,USD,37.44,USD,37.44
INV-US-2026-4264,08/18/2026,order_VWvHajS2CYyQA1,RCPT-US-100264,Ethan Jones,"Phoenix, AZ",Paid,Card,USD,40.35,USD,40.35
INV-US-2026-4265,08/08/2026,order_Y9pcv07bPpv9KD,RCPT-US-100265,Noah Brown,"Seattle, WA",Paid,Card,EUR,22.03,USD,24.01
INV-US-2026-4266,08/09/2026,order_wXweoeSlCs5JRp,RCPT-US-100266,Olivia Jones,"Seattle, WA",Paid,Card,USD,40.78,USD,40.78
INV-US-2026-4267,08/04/2026,order_ARDJ5Y0rBjaUIV,RCPT-US-100267,James Williams,"Austin, TX",Paid,Card,USD,27.65,USD,27.65
INV-US-2026-4268,08/03/2026,order_II7A9HzVg9uwTL,RCPT-US-100268,Lucas Smith,"Seattle, WA",Paid,Card,USD,68.65,USD,68.65
INV-US-2026-4269,08/10/2026,order_99T25gwqcGvZQq,RCPT-US-100269,Isabella Anderson,"Phoenix, AZ",Paid,Card,USD,32.86,USD,32.86
INV-US-2026-4270,08/11/2026,order_1IMhUNP70N4cMx,RCPT-US-100270,Isabella Johnson,"Chicago, IL",Paid,Ach,USD,26.29,USD,26.29
INV-US-2026-4271,08/02/2026,order_AnJXXkRXG2eYiw,RCPT-US-100271,Olivia Smith,"Phoenix, AZ",Paid,Wallet,USD,39.07,USD,39.07
INV-US-2026-4272,08/12/2026,order_pUJVEWGY9EBRXt,RCPT-US-100272,Ethan Williams,"Nashville, TN",Paid,Card,USD,82.88,USD,82.88
INV-US-2026-4273,08/23/2026,order_tpefktLvVtkwtN,RCPT-US-100273,Liam Martinez,"Columbus, OH",Paid,Card,USD,12.02,USD,12.02
INV-US-2026-4274,08/13/2026,order_1fMvo4MxUnyi7B,RCPT-US-100274,Amelia Garcia,"Boston, MA",Paid,Card,USD,23.48,USD,23.48
INV-US-2026-4275,08/06/2026,order_DZNEwSoCbvwHfe,RCPT-US-100275,Amelia Taylor,"Portland, OR",Paid,Ach,USD,54.08,USD,54.08
INV-US-2026-4276,08/23/2026,order_1rm9Rva1Og6bDV,RCPT-US-100276,Logan Williams,"Atlanta, GA",Paid,Card,USD,62.67,USD,62.67
INV-US-2026-4277,08/25/2026,order_C60mKNxj1K93iw,RCPT-US-100277,Ava Garcia,"Denver, CO",Paid,Wallet,INR,2793.77,USD,33.47
INV-US-2026-4278,08/03/2026,order_1I7k60BDz6xhtS,RCPT-US-100278,James Taylor,"Chicago, IL",Paid,Card,USD,48.13,USD,48.13
INV-US-2026-4279,08/18/2026,order_ezxJIeasAnleni,RCPT-US-100279,Mia Williams,"Nashville, TN",Paid,Card,USD,27.09,USD,27.09
INV-US-2026-4280,08/05/2026,order_oDYfdtXILslKuz,RCPT-US-100280,Isabella Anderson,"Phoenix, AZ",Paid,Card,USD,19.03,USD,19.03
INV-US-2026-4281,08/02/2026,order_VbjzQul7M6uHwq,RCPT-US-100281,Amelia Smith,"Seattle, WA",Paid,Card,USD,35.80,USD,35.80
INV-US-2026-4283,08/17/2026,order_TXISwn77Ctq2C1,RCPT-US-100283,Emma Taylor,"Nashville, TN",Paid,Card,EUR,23.33,USD,25.43
INV-US-2026-4284,08/07/2026,order_WOnDCqY0FQoMNb,RCPT-US-100284,Noah Jones,"Portland, OR",Paid,Card,USD,43.37,USD,43.37
INV-US-2026-4285,08/10/2026,order_UIve7wjdnum677,RCPT-US-100285,Olivia Smith,"Nashville, TN",Paid,Card,EUR,14.11,USD,15.38
INV-US-2026-4286,08/20/2026,order_egOFn4uGd2rUrW,RCPT-US-100286,Logan Martinez,"Portland, OR",Paid,Card,USD,38.90,USD,38.90
INV-US-2026-4287,08/21/2026,order_GpwozcdGpl3XbU,RCPT-US-100287,Liam Miller,"Chicago, IL",Paid,Card,USD,66.11,USD,66.11
INV-US-2026-4289,08/14/2026,order_w1Z1qTOWt8qDcb,RCPT-US-100289,Logan Miller,"Phoenix, AZ",Paid,Card,AUD,40.26,USD,26.57
INV-US-2026-4290,08/12/2026,order_jXgWHaogFH4h1E,RCPT-US-100290,Amelia Smith,"Boston, MA",Paid,Card,USD,26.42,USD,26.42
INV-US-2026-4291,08/24/2026,order_TIwiROLkFUrt0m,RCPT-US-100291,Lucas Garcia,"Phoenix, AZ",Paid,Card,USD,89.06,USD,89.06
INV-US-2026-4292,08/12/2026,order_AphS4bfi5aYsQ1,RCPT-US-100292,Isabella Johnson,"Boston, MA",Paid,Card,USD,24.30,USD,24.30
INV-US-2026-4293,08/08/2026,order_kE4Q0MdkfRy4kP,RCPT-US-100293,Logan Williams,"Austin, TX",Paid,Card,USD,30.81,USD,30.81
INV-US-2026-4294,08/13/2026,order_b8ZOJgyVh1wOex,RCPT-US-100294,Olivia Martinez,"Columbus, OH",Paid,Card,USD,23.11,USD,23.11
INV-US-2026-4295,08/12/2026,order_7DXjMZNH0jHnS2,RCPT-US-100295,Emma Williams,"Seattle, WA",Paid,Card,USD,20.47,USD,20.47
INV-US-2026-4296,08/05/2026,order_cOWsocaGdjPGJ4,RCPT-US-100296,Amelia Johnson,"Chicago, IL",Paid,Card,USD,37.56,USD,37.56
INV-US-2026-4297,08/13/2026,order_N6UhqiJ3Uq61gH,RCPT-US-100297,Ava Martinez,"Nashville, TN",Paid,Card,USD,17.64,USD,17.64
INV-US-2026-4298,08/07/2026,order_jE3KOZ39T0lY98,RCPT-US-100298,Emma Williams,"Portland, OR",Paid,Card,USD,21.70,USD,21.70
INV-US-2026-4299,08/15/2026,order_u73wK3HPeuJLy7,RCPT-US-100299,Olivia Smith,"Atlanta, GA",Paid,Card,USD,61.38,USD,61.38
INV-US-2026-4300,08/22/2026,order_C0mJlGqncKc2d8,RCPT-US-100300,Noah Miller,"Nashville, TN",Paid,Card,USD,17.32,USD,17.32
INV-US-2026-4301,08/24/2026,order_gOyJfJuvlzxQ2U,RCPT-US-100301,Amelia Anderson,"Nashville, TN",Paid,Card,USD,19.37,USD,19.37
INV-US-2026-4302,08/08/2026,order_fhdsMO7xrK3bYf,RCPT-US-100302,Mia Anderson,"Austin, TX",Paid,Card,USD,41.24,USD,41.24
INV-US-2026-4303,08/12/2026,order_hNFttz8NoASl08,RCPT-US-100303,James Jones,"Portland, OR",Paid,Card,USD,28.15,USD,28.15
INV-US-2026-4304,08/17/2026,order_ucysk1RN9YXkDs,RCPT-US-100304,Sophia Brown,"Boston, MA",Paid,Card,USD,30.19,USD,30.19
INV-US-2026-4305,08/20/2026,order_apXBZRyHoEQiqD,RCPT-US-100305,Mia Brown,"Columbus, OH",Paid,Card,CAD,42.87,USD,31.30
INV-US-2026-4306,08/21/2026,order_tX0xIDbTP9vvU2,RCPT-US-100306,Ethan Taylor,"Seattle, WA",Paid,Wallet,USD,103.01,USD,103.01
INV-US-2026-4307,08/19/2026,order_R4ARJZGNOuxHad,RCPT-US-100307,Logan Brown,"Columbus, OH",Paid,Card,USD,37.11,USD,37.11
INV-US-2026-4308,08/24/2026,order_n42WSGJ6cgDoT6,RCPT-US-100308,Amelia Anderson,"Portland, OR",Paid,Ach,USD,52.04,USD,52.04
INV-US-2026-4309,08/13/2026,order_z1bQb221H1GwMD,RCPT-US-100309,Mason Brown,"Nashville, TN",Paid,Card,USD,19.29,USD,19.29
INV-US-2026-4310,08/06/2026,order_1d7mZdt62X0VmX,RCPT-US-100310,Emma Williams,"Boston, MA",Paid,Card,EUR,99.79,USD,108.77
INV-US-2026-4311,08/24/2026,order_UdJbUtALRVkOiE,RCPT-US-100311,Olivia Garcia,"Columbus, OH",Paid,Card,USD,32.20,USD,32.20
INV-US-2026-4312,08/08/2026,order_TK0yf7HGvno20q,RCPT-US-100312,Lucas Johnson,"Denver, CO",Paid,Ach,USD,22.54,USD,22.54
INV-US-2026-4313,08/02/2026,order_nJVWO9yLfEk8Ca,RCPT-US-100313,Sophia Thomas,"Boston, MA",Paid,Ach,USD,42.19,USD,42.19
INV-US-2026-4314,08/02/2026,order_Vfd98KhfOKex71,RCPT-US-100314,Ethan Jones,"Denver, CO",Paid,Card,USD,31.16,USD,31.16
INV-US-2026-4315,08/13/2026,order_twDGk3q66zE1Mg,RCPT-US-100315,Olivia Garcia,"Phoenix, AZ",Paid,Card,USD,39.66,USD,39.66
INV-US-2026-4316,08/08/2026,order_hg36vYyhD2fadu,RCPT-US-100316,Ava Thomas,"Austin, TX",Paid,Card,CAD,31.38,USD,22.91
INV-US-2026-4317,08/08/2026,order_XKquTm3uddnC4Q,RCPT-US-100317,Sophia Williams,"Atlanta, GA",Paid,Wallet,USD,66.14,USD,66.14
INV-US-2026-4318,08/14/2026,order_V9qnERKNutCmuX,RCPT-US-100318,Sophia Garcia,"Denver, CO",Paid,Card,CAD,82.76,USD,60.41
INV-US-2026-4319,08/16/2026,order_DFaaVXmb5uFaik,RCPT-US-100319,Olivia Davis,"Boston, MA",Paid,Card,USD,19.80,USD,19.80
INV-US-2026-4320,08/22/2026,order_bxemGRgSM9ExWa,RCPT-US-100320,James Taylor,"Phoenix, AZ",Paid,Card,INR,2762.26,USD,33.09
INV-US-2026-4321,08/24/2026,order_weVzstyPZO8cr2,RCPT-US-100321,Liam Thomas,"Denver, CO",Paid,Card,USD,41.03,USD,41.03
INV-US-2026-4322,08/18/2026,order_EacbR0pHNCCDLQ,RCPT-US-100322,Amelia Johnson,"Chicago, IL",Paid,Card,USD,25.16,USD,25.16
INV-US-2026-4323,08/25/2026,order_mLSVZqQ0kl1Slk,RCPT-US-100323,James Martinez,"Nashville, TN",Paid,Card,USD,24.32,USD,24.32
INV-US-2026-4324,08/13/2026,order_NAoSHJyr8efmiD,RCPT-US-100324,Logan Brown,"Chicago, IL",Paid,Card,AUD,52.54,USD,34.68
INV-US-2026-4325,08/20/2026,order_WgLnXDWHptEOF1,RCPT-US-100325,Mia Jones,"Austin, TX",Paid,Card,GBP,40.66,USD,51.64
INV-US-2026-4326,08/20/2026,order_mkeM70P0Xs7YYl,RCPT-US-100326,Ava Taylor,"Nashville, TN",Paid,Card,USD,36.07,USD,36.07
INV-US-2026-4327,08/18/2026,order_ZMV9C6iNg2SViD,RCPT-US-100327,Mason Martinez,"Austin, TX",Paid,Card,USD,31.25,USD,31.25
INV-US-2026-4328,08/20/2026,order_VkLhXdjpe0eIZW,RCPT-US-100328,Olivia Martinez,"Nashville, TN",Paid,Card,USD,34.99,USD,34.99
INV-US-2026-4329,08/11/2026,order_g2HYISPeZYiK8M,RCPT-US-100329,Emma Jones,"Columbus, OH",Paid,Ach,USD,17.66,USD,17.66
INV-US-2026-4330,08/17/2026,order_6gHhNUv30dR6fX,RCPT-US-100330,Mia Davis,"Chicago, IL",Paid,Card,USD,21.22,USD,21.22
INV-US-2026-4331,08/21/2026,order_1mJubilxGSUYVq,RCPT-US-100331,Ethan Brown,"Columbus, OH",Paid,Card,USD,18.45,USD,18.45
INV-US-2026-4332,08/09/2026,order_UPcjBS0gAFI655,RCPT-US-100332,Mason Thomas,"Austin, TX",Paid,Card,USD,45.99,USD,45.99
INV-US-2026-4333,08/25/2026,order_nApLaD2WVQ5ENE,RCPT-US-100333,Emma Smith,"Chicago, IL",Paid,Wallet,INR,1560.42,USD,18.69
INV-US-2026-4334,08/14/2026,order_tN132hxBAV18cS,RCPT-US-100334,Olivia Anderson,"Boston, MA",Paid,Card,USD,35.47,USD,35.47
INV-US-2026-4335,08/12/2026,order_JT3PfQh0RejLTL,RCPT-US-100335,Ethan Williams,"Austin, TX",Paid,Wallet,USD,41.07,USD,41.07
INV-US-2026-4335-DUP,08/12/2026,order_JT3PfQh0RejLTL,RCPT-US-100335,Ethan Williams,"Austin, TX",Paid,Wallet,USD,41.07,USD,41.07
INV-US-2026-4336,08/15/2026,order_MXWOS1YUr8xf5x,RCPT-US-100336,Noah Williams,"Chicago, IL",Paid,Card,USD,24.90,USD,24.90
INV-US-2026-4337,08/02/2026,order_wrSX9upnigzKhV,RCPT-US-100337,Olivia Garcia,"Austin, TX",Paid,Card,CAD,26.77,USD,19.54
INV-US-2026-4338,08/19/2026,order_L0L6T17dTjoGxa,RCPT-US-100338,Isabella Miller,"Atlanta, GA",Paid,Card,USD,47.31,USD,47.31
INV-US-2026-4339,08/02/2026,order_BycjkrarEPt4dn,RCPT-US-100339,Mason Brown,"Austin, TX",Paid,Card,USD,28.93,USD,28.93
INV-US-2026-4339-DUP,08/02/2026,order_BycjkrarEPt4dn,RCPT-US-100339,Mason Brown,"Austin, TX",Paid,Card,USD,28.93,USD,28.93
INV-US-2026-4340,08/02/2026,order_OgpISTb5QtFF0Q,RCPT-US-100340,Isabella Johnson,"Chicago, IL",Paid,Card,USD,13.75,USD,13.75
INV-US-2026-4341,08/15/2026,order_Grn0Gj5HKCUW6C,RCPT-US-100341,Olivia Jones,"Boston, MA",Paid,Card,USD,32.27,USD,32.27
INV-US-2026-4342,08/19/2026,order_38d2jN0CxX3xC0,RCPT-US-100342,Isabella Williams,"Chicago, IL",Paid,Card,USD,9.24,USD,9.24
INV-US-2026-4343,08/05/2026,order_R9g9jAwITgNhRW,RCPT-US-100343,Mason Davis,"Chicago, IL",Paid,Card,USD,27.69,USD,27.69
INV-US-2026-4344,08/24/2026,order_gAfmYjLJmvgahj,RCPT-US-100344,Emma Williams,"Boston, MA",Paid,Card,USD,12.50,USD,12.50
INV-US-2026-4345,08/08/2026,order_GAMovJmi3nr8Wk,RCPT-US-100345,Ava Garcia,"Seattle, WA",Paid,Card,GBP,15.48,USD,19.66
INV-US-2026-4346,08/22/2026,order_KoDh6AgZ0IykAJ,RCPT-US-100346,Mia Davis,"Seattle, WA",Paid,Card,USD,35.46,USD,35.46
INV-US-2026-4347,08/02/2026,order_Cb31CTZb4MmTUC,RCPT-US-100347,James Davis,"Seattle, WA",Paid,Ach,USD,73.86,USD,73.86
INV-US-2026-4348,08/15/2026,order_aMWhFJZlUjLy1g,RCPT-US-100348,Noah Jones,"Columbus, OH",Paid,Card,USD,48.14,USD,48.14
INV-US-2026-4349,08/21/2026,order_dHitrfx1YKs14r,RCPT-US-100349,Liam Williams,"Phoenix, AZ",Paid,Card,USD,40.91,USD,40.91
INV-US-2026-4350,08/09/2026,order_iMhtkM7ciIRPN0,RCPT-US-100350,Logan Davis,"Denver, CO",Paid,Wallet,USD,20.83,USD,20.83
INV-US-2026-4351,08/07/2026,order_o4Anb1XdBFg5xM,RCPT-US-100351,James Martinez,"Nashville, TN",Paid,Card,USD,56.61,USD,56.61
INV-US-2026-4352,08/05/2026,order_XRiAQ0Lqh50VAa,RCPT-US-100352,James Garcia,"Portland, OR",Paid,Ach,USD,17.18,USD,17.18
INV-US-2026-4353,08/23/2026,order_uoOoMrebE399T2,RCPT-US-100353,Lucas Jones,"Austin, TX",Paid,Ach,USD,41.05,USD,41.05
INV-US-2026-4354,08/14/2026,order_0zpBYkgMOJb326,RCPT-US-100354,Ava Smith,"Boston, MA",Paid,Card,AUD,49.88,USD,32.92
INV-US-2026-4355,08/23/2026,order_tnKe2Fbkd6xBDT,RCPT-US-100355,Amelia Martinez,"Austin, TX",Paid,Card,USD,34.49,USD,34.49
INV-US-2026-4356,08/03/2026,order_TyBZjWrQHsEXTt,RCPT-US-100356,Ethan Johnson,"Austin, TX",Paid,Card,EUR,34.66,USD,37.78
INV-US-2026-4357,08/14/2026,order_UauJ3J7lJkvRbt,RCPT-US-100357,Lucas Brown,"Phoenix, AZ",Paid,Ach,USD,63.43,USD,63.43
INV-US-2026-4358,08/02/2026,order_PbmQetOFMaF38a,RCPT-US-100358,Ava Taylor,"Boston, MA",Paid,Card,USD,17.70,USD,17.70
INV-US-2026-4359,08/24/2026,order_NBfArTipvAMsEl,RCPT-US-100359,Emma Miller,"Portland, OR",Paid,Card,USD,54.62,USD,54.62
INV-US-2026-4360,08/09/2026,order_SsLPay9L5Ckwvn,RCPT-US-100360,Isabella Anderson,"Columbus, OH",Paid,Card,USD,51.85,USD,51.85
INV-US-2026-4361,08/18/2026,order_xdVGz4Z7ZXPXAG,RCPT-US-100361,Isabella Brown,"Denver, CO",Paid,Card,USD,34.76,USD,34.76
INV-US-2026-4362,08/02/2026,order_aI1aPjYJO0Y5fm,RCPT-US-100362,Noah Jones,"Denver, CO",Paid,Card,USD,37.65,USD,37.65
INV-US-2026-4363,08/03/2026,order_P7DPGiKMNh9U0z,RCPT-US-100363,Ava Smith,"Seattle, WA",Paid,Card,USD,35.56,USD,35.56
INV-US-2026-4364,08/11/2026,order_B7fOQgspBm6jpp,RCPT-US-100364,Mason Anderson,"Nashville, TN",Paid,Card,USD,17.42,USD,17.42
INV-US-2026-4365,08/10/2026,order_5cyoSh5B7HRizC,RCPT-US-100365,Emma Williams,"Seattle, WA",Paid,Card,GBP,35.85,USD,45.53
INV-US-2026-4366,08/12/2026,order_aC1G27g9md8PXu,RCPT-US-100366,Liam Johnson,"Austin, TX",Paid,Card,USD,34.62,USD,34.62
INV-US-2026-4367,08/25/2026,order_JcL2HDy6bzHfQc,RCPT-US-100367,Ava Jones,"Nashville, TN",Paid,Card,USD,107.42,USD,107.42
INV-US-2026-4368,08/02/2026,order_IMCKGjaImjckDt,RCPT-US-100368,Isabella Miller,"Atlanta, GA",Paid,Wallet,USD,25.78,USD,25.78
INV-US-2026-4369,08/13/2026,order_WXMvmp2i3PMdDN,RCPT-US-100369,Olivia Davis,"Chicago, IL",Paid,Card,AUD,22.22,USD,14.67
INV-US-2026-4370,08/14/2026,order_S2r0yMEmmJIHus,RCPT-US-100370,Amelia Williams,"Boston, MA",Paid,Card,USD,26.52,USD,26.52
INV-US-2026-4371,08/20/2026,order_qCFXkpZiwJuKpr,RCPT-US-100371,Logan Johnson,"Portland, OR",Paid,Card,EUR,34.33,USD,37.42
INV-US-2026-4372,08/12/2026,order_l0La77qomkd93l,RCPT-US-100372,Logan Johnson,"Columbus, OH",Paid,Card,USD,13.29,USD,13.29
INV-US-2026-4373,08/15/2026,order_omOM66lN0HLoDL,RCPT-US-100373,Amelia Martinez,"Denver, CO",Paid,Card,USD,80.37,USD,80.37
INV-US-2026-4374,08/01/2026,order_B1YJP5hOX9tlZ2,RCPT-US-100374,Isabella Anderson,"Boston, MA",Paid,Card,USD,69.41,USD,69.41
INV-US-2026-4375,08/09/2026,order_WwsYMCdV8DyHCZ,RCPT-US-100375,Sophia Brown,"Nashville, TN",Paid,Card,USD,58.58,USD,58.58
INV-US-2026-4376,08/14/2026,order_RkTRIKkuRFrrZA,RCPT-US-100376,Emma Brown,"Atlanta, GA",Paid,Card,USD,23.33,USD,23.33
INV-US-2026-4377,08/18/2026,order_yChlm52ai8BSSa,RCPT-US-100377,Mia Williams,"Phoenix, AZ",Paid,Card,USD,41.50,USD,41.50
INV-US-2026-4378,08/06/2026,order_xILmIQ30jlSIZn,RCPT-US-100378,Amelia Anderson,"Austin, TX",Paid,Ach,USD,19.86,USD,19.86
INV-US-2026-4379,08/24/2026,order_bA76FklDqxgRWW,RCPT-US-100379,Sophia Garcia,"Phoenix, AZ",Paid,Card,USD,35.49,USD,35.49
INV-US-2026-4380,08/08/2026,order_kbkHvfNx2tgOf4,RCPT-US-100380,Liam Taylor,"Portland, OR",Paid,Card,USD,40.99,USD,40.99
INV-US-2026-4381,08/21/2026,order_4iBgfci6W82mZ8,RCPT-US-100381,Liam Garcia,"Boston, MA",Paid,Card,USD,36.54,USD,36.54
INV-US-2026-4382,08/21/2026,order_3D5C6t6h4nR3Ar,RCPT-US-100382,Isabella Thomas,"Portland, OR",Paid,Card,USD,32.18,USD,32.18
INV-US-2026-4383,08/23/2026,order_0OHxcvDJLVZacf,RCPT-US-100383,Lucas Miller,"Atlanta, GA",Paid,Card,USD,27.96,USD,27.96
INV-US-2026-4384,08/23/2026,order_BNgGvHJX34QHPG,RCPT-US-100384,Noah Anderson,"Portland, OR",Paid,Card,USD,38.43,USD,38.43
INV-US-2026-4385,08/19/2026,order_lhaVky1XPVXzv3,RCPT-US-100385,Ava Jones,"Boston, MA",Paid,Card,USD,71.06,USD,71.06
INV-US-2026-4386,08/25/2026,order_kJDr7NsA2DcHq5,RCPT-US-100386,Ava Taylor,"Phoenix, AZ",Paid,Card,USD,23.98,USD,23.98
INV-US-2026-4387,08/10/2026,order_G05cMAP2EPezgI,RCPT-US-100387,Liam Brown,"Portland, OR",Paid,Card,USD,24.29,USD,24.29
INV-US-2026-4388,08/23/2026,order_0INPKjJovY0ODW,RCPT-US-100388,Isabella Davis,"Nashville, TN",Paid,Card,USD,23.81,USD,23.81
INV-US-2026-4389,08/22/2026,order_cnzOieUvRfREG9,RCPT-US-100389,Isabella Martinez,"Phoenix, AZ",Paid,Card,USD,26.85,USD,26.85
INV-US-2026-4390,08/01/2026,order_hLkSzYx0WmNU79,RCPT-US-100390,Ethan Williams,"Austin, TX",Paid,Card,USD,10.07,USD,10.07
INV-US-2026-4391,08/18/2026,order_Q9FtD8CnKxtHSE,RCPT-US-100391,Logan Williams,"Boston, MA",Paid,Ach,USD,51.10,USD,51.10
INV-US-2026-4392,08/25/2026,order_xGNgXBbAV8St2T,RCPT-US-100392,Mason Smith,"Boston, MA",Paid,Card,USD,30.84,USD,30.84
INV-US-2026-4392-DUP,08/25/2026,order_xGNgXBbAV8St2T,RCPT-US-100392,Mason Smith,"Boston, MA",Paid,Card,USD,30.84,USD,30.84
INV-US-2026-4393,08/11/2026,order_ATtbRz4GliyfAw,RCPT-US-100393,Amelia Brown,"Columbus, OH",Paid,Card,USD,25.48,USD,25.48
INV-US-2026-4394,08/02/2026,order_bZKhprz0Kt4pdt,RCPT-US-100394,Mason Anderson,"Portland, OR",Paid,Card,USD,17.31,USD,17.31
INV-US-2026-4395,08/13/2026,order_79NDI2Sb4n2U8W,RCPT-US-100395,Sophia Miller,"Columbus, OH",Paid,Card,USD,73.61,USD,73.61
INV-US-2026-4396,08/19/2026,order_C3Hoyz9nTBV3Zg,RCPT-US-100396,Sophia Martinez,"Atlanta, GA",Paid,Card,USD,31.78,USD,31.78
INV-US-2026-4397,08/12/2026,order_AaRbQpY6Du57UE,RCPT-US-100397,Isabella Martinez,"Phoenix, AZ",Paid,Card,USD,35.36,USD,35.36
INV-US-2026-4398,08/03/2026,order_voVYwl0QrVJLyv,RCPT-US-100398,Amelia Johnson,"Austin, TX",Paid,Ach,USD,33.23,USD,33.23
INV-US-2026-4398-DUP,08/03/2026,order_voVYwl0QrVJLyv,RCPT-US-100398,Amelia Johnson,"Austin, TX",Paid,Ach,USD,33.23,USD,33.23
INV-US-2026-4399,08/13/2026,order_yPWXikCiHBc7l4,RCPT-US-100399,Emma Taylor,"Nashville, TN",Paid,Card,USD,104.33,USD,104.33
